CC,Data_Sorteio,B1,B2,B3,B4,B5,B6,B7,B8,B9,B10,B11,B12,B13,B14,B15,Ganhador
2300,05/08/2021,1,2,3,4,8,9,13,15,16,17,19,22,23,24,25,0
2301,06/08/2021,3,5,9,10,12,13,15,16,17,18,19,20,22,24,25,2
2302,07/08/2021,3,4,6,7,8,10,11,12,13,14,16,17,18,20,21,1
2303,09/08/2021,1,3,5,7,8,10,11,12,15,18,19,20,21,22,24,9
2304,10/08/2021,1,2,6,8,9,11,12,13,14,16,18,20,21,22,24,1
2305,11/08/2021,1,5,7,8,10,11,14,16,17,18,19,22,23,24,25,0
2306,12/08/2021,1,4,5,6,7,8,9,11,14,15,16,18,20,21,22,1
2307,13/08/2021,1,4,5,6,8,9,11,12,13,14,15,17,19,20,23,0
2308,14/08/2021,1,2,3,4,6,10,15,17,18,19,20,22,23,24,25,1
2309,16/08/2021,1,3,4,7,9,10,11,12,13,17,18,19,22,24,25,8
2310,17/08/2021,1,3,5,6,7,10,11,13,16,18,20,22,23,24,25,6
2311,18/08/2021,1,3,4,5,9,10,12,13,14,15,18,19,20,21,25,0
2312,19/08/2021,1,2,3,6,7,10,11,12,14,15,18,20,21,22,25,2
2313,20/08/2021,4,5,6,7,8,10,11,12,14,15,18,19,20,22,25,0
2314,21/08/2021,1,2,7,8,9,11,13,14,15,17,19,20,23,24,25,5
2315,23/08/2021,3,7,8,11,12,13,14,16,17,18,19,21,22,23,25,0
2316,24/08/2021,2,3,4,5,6,9,10,13,14,15,16,17,19,24,25,3
2317,25/08/2021,1,2,3,5,6,7,9,14,15,16,17,20,21,23,25,0
2318,26/08/2021,2,5,6,7,8,11,13,16,17,18,19,20,21,24,25,0
2319,27/08/2021,2,3,8,12,13,14,15,16,17,19,21,22,23,24,25,1
2320,11/09/2021,1,2,3,5,6,9,12,13,15,17,21,22,23,24,25,57
2321,13/09/2021,1,2,6,7,8,9,10,12,13,14,15,17,22,23,24,0
2322,14/09/2021,1,2,5,6,7,11,12,13,14,16,18,21,22,23,24,0
2323,15/09/2021,1,4,7,8,11,13,14,16,17,19,21,22,23,24,25,5
2324,16/09/2021,1,2,3,5,8,9,10,11,13,14,16,17,19,20,25,1
2325,17/09/2021,1,2,3,4,5,6,7,8,9,14,17,18,21,23,25,1
2326,18/09/2021,2,3,4,5,6,8,11,12,13,14,16,20,22,23,25,1
2327,20/09/2021,1,2,3,4,6,7,8,11,13,15,17,19,20,21,25,1
2328,21/09/2021,3,4,5,6,7,8,9,11,14,15,17,20,21,23,25,2
2329,22/09/2021,1,3,4,5,10,11,12,13,14,16,17,18,19,20,24,2
2330,23/09/2021,2,4,5,8,10,11,12,13,14,15,16,18,20,22,23,4
2331,24/09/2021,3,4,5,7,8,9,10,13,14,15,16,20,22,24,25,3
2332,25/09/2021,1,4,6,7,8,9,10,11,14,17,18,20,22,24,25,0
2333,27/09/2021,1,4,6,7,8,9,10,11,13,15,17,18,19,20,23,2
2334,28/09/2021,2,3,5,7,13,14,16,17,18,20,21,22,23,24,25,2
2335,29/09/2021,2,3,4,5,6,7,9,13,15,16,19,21,22,24,25,0
2336,30/09/2021,1,3,4,6,10,11,12,13,14,16,17,18,20,22,25,1
2337,01/10/2021,1,2,4,5,6,8,9,10,11,14,16,19,20,21,24,3
2338,02/10/2021,1,2,3,4,5,7,8,10,11,12,13,15,16,19,21,1
2339,04/10/2021,1,3,6,7,8,10,11,14,18,19,20,22,23,24,25,2
2340,05/10/2021,2,5,7,8,9,11,12,13,14,17,18,20,22,23,25,6
2341,06/10/2021,2,4,5,7,9,11,12,14,15,19,20,21,22,24,25,3
2342,07/10/2021,1,2,3,4,9,10,13,15,16,18,19,20,21,22,25,0
2343,08/10/2021,1,2,5,9,12,15,16,17,18,19,20,22,23,24,25,1
2344,09/10/2021,1,3,4,6,7,9,10,11,12,13,16,17,19,20,21,2
2345,11/10/2021,3,6,7,9,10,11,12,14,16,17,19,20,23,24,25,2
2346,13/10/2021,1,4,5,8,10,11,12,14,16,17,18,19,21,22,25,2
2347,14/10/2021,2,3,5,6,8,9,11,13,15,16,17,19,21,24,25,11
2348,15/10/2021,1,2,5,8,9,11,13,14,15,17,19,20,22,23,24,5
2349,16/10/2021,2,5,6,9,10,11,12,15,16,17,18,20,21,22,23,0
2350,18/10/2021,2,3,4,5,6,7,8,9,10,15,17,19,21,22,25,1
2351,19/10/2021,1,3,4,5,6,7,8,9,10,12,14,15,20,23,24,1
2352,20/10/2021,3,4,7,8,11,12,15,16,17,18,20,22,23,24,25,1
2353,21/10/2021,1,2,3,7,8,12,13,14,15,16,18,20,23,24,25,2
2354,22/10/2021,1,2,5,6,9,10,11,12,13,16,17,18,19,20,21,4
2355,23/10/2021,2,3,4,5,6,8,9,10,11,12,18,19,20,21,25,1
2356,25/10/2021,3,5,6,7,8,9,10,13,16,18,19,20,21,22,25,0
2357,26/10/2021,1,2,4,6,7,8,9,10,12,13,14,20,23,24,25,3
2358,27/10/2021,4,5,6,7,8,11,12,14,15,16,17,20,23,24,25,1
2359,28/10/2021,3,4,5,6,7,12,14,15,17,19,20,21,22,23,24,1
2360,29/10/2021,3,5,6,8,11,12,13,15,17,18,19,21,22,23,25,1
2361,30/10/2021,3,4,5,7,10,12,13,14,16,18,19,21,22,23,24,2
2362,01/11/2021,1,4,6,7,8,10,11,12,14,18,19,21,22,24,25,0
2363,03/11/2021,1,2,3,4,8,11,12,13,14,15,20,21,22,24,25,1
2364,04/11/2021,1,5,6,7,8,9,10,11,13,15,16,17,18,22,24,0
2365,05/11/2021,2,7,8,9,11,14,15,16,17,18,20,21,22,23,25,0
2366,06/11/2021,1,3,5,7,10,11,13,15,16,18,19,20,21,22,25,19
2367,08/11/2021,2,3,5,8,9,10,11,12,14,16,17,19,22,23,25,10
2368,09/11/2021,2,3,4,7,8,9,10,11,12,14,16,18,19,22,23,2
2369,10/11/2021,2,3,5,8,9,10,11,12,13,14,15,22,23,24,25,1
2370,11/11/2021,1,7,8,9,10,11,12,13,14,16,19,20,21,24,25,1
2371,12/11/2021,3,5,6,8,11,12,13,14,15,19,21,22,23,24,25,0
2372,13/11/2021,1,2,4,5,7,8,11,13,14,15,19,20,21,22,24,0
2373,16/11/2021,2,3,4,5,6,7,8,10,13,14,15,17,21,24,25,1
2374,17/11/2021,1,3,5,7,9,10,14,15,16,17,20,21,22,23,25,1
2375,18/11/2021,4,5,8,11,12,13,14,17,18,19,20,21,22,23,25,1
2376,19/11/2021,1,2,4,6,8,9,14,15,16,17,19,21,22,23,24,2
2377,20/11/2021,1,2,3,4,5,6,8,9,10,12,14,18,19,20,24,3
2378,22/11/2021,1,2,3,4,5,10,12,14,15,16,17,21,23,24,25,1
2379,23/11/2021,1,2,3,5,7,8,9,11,12,15,16,20,23,24,25,3
2380,24/11/2021,1,3,5,6,7,9,10,11,13,14,15,17,21,22,24,1
2381,25/11/2021,1,2,5,8,9,10,11,14,15,18,19,20,23,24,25,4
2382,26/11/2021,1,2,3,4,5,6,7,9,10,11,14,15,19,21,24,0
2383,27/11/2021,1,2,3,7,9,11,12,13,14,15,16,18,20,22,24,3
2384,29/11/2021,1,3,4,5,7,9,10,11,13,15,16,18,20,22,24,38
2385,30/11/2021,1,2,3,5,10,11,12,13,16,17,18,21,22,23,24,0
2386,01/12/2021,2,3,6,7,8,10,12,13,14,15,16,17,18,23,24,6
2387,02/12/2021,2,4,5,8,9,10,12,16,17,19,20,21,22,24,25,3
2388,03/12/2021,3,4,5,7,8,9,10,12,13,15,16,17,19,23,25,4
2389,04/12/2021,4,5,6,8,9,10,11,12,18,19,21,22,23,24,25,0
2390,06/12/2021,1,2,3,4,5,6,10,11,15,19,20,21,22,23,24,8
2391,07/12/2021,3,4,5,6,8,9,11,12,14,18,19,21,22,24,25,1
2392,08/12/2021,1,2,5,6,8,11,12,13,16,17,18,22,23,24,25,0
2393,09/12/2021,2,3,5,10,11,12,15,16,17,19,20,21,22,23,25,0
2394,10/12/2021,1,4,6,7,9,10,12,17,18,19,20,21,22,23,25,4
2395,11/12/2021,1,2,5,6,7,10,13,14,15,17,18,19,20,23,25,2
2396,13/12/2021,1,3,4,7,10,12,13,16,17,18,20,22,23,24,25,4
2397,14/12/2021,2,4,6,7,9,10,13,14,15,17,18,20,21,22,25,1
2398,15/12/2021,2,3,4,5,6,9,10,12,13,14,15,20,22,23,25,0
2399,16/12/2021,1,2,4,5,7,9,12,14,15,16,17,19,20,21,25,0
2400,17/12/2021,2,3,5,9,10,11,12,13,14,15,16,20,21,23,25,3
2401,18/12/2021,1,4,5,6,7,9,10,11,12,15,16,19,20,22,23,4
2402,20/12/2021,1,2,3,4,5,6,9,10,11,13,14,18,20,23,25,3
2403,21/12/2021,1,4,5,8,10,12,16,17,18,19,20,21,23,24,25,1
2404,22/12/2021,1,2,3,4,5,7,10,11,12,14,15,22,23,24,25,1
2405,23/12/2021,2,3,4,5,6,7,8,9,11,15,17,18,19,21,23,1
2406,24/12/2021,1,2,3,5,6,8,10,12,15,17,20,21,23,24,25,3
2407,27/12/2021,1,2,3,4,6,8,9,11,12,17,18,19,20,23,24,1
2408,28/12/2021,1,3,4,6,8,9,10,11,12,13,16,19,21,22,23,4
2409,29/12/2021,1,2,5,6,7,8,9,10,12,16,19,20,21,22,25,3
2410,30/12/2021,1,2,3,4,7,9,10,13,14,16,17,19,20,22,23,3
2411,31/12/2021,1,2,3,4,5,7,8,9,10,12,13,14,17,19,24,7
2412,03/01/2022,1,4,6,7,8,9,11,13,14,15,17,18,19,21,24,3
2413,04/01/2022,1,3,4,5,6,7,8,9,12,15,16,18,20,21,25,2
2414,05/01/2022,3,4,5,6,7,8,9,10,11,13,16,17,19,21,24,4
2415,06/01/2022,2,6,7,9,10,11,12,13,14,19,20,21,22,23,25,0
2416,07/01/2022,4,5,6,7,11,13,14,15,16,17,18,20,21,22,25,1
2417,08/01/2022,1,4,6,7,8,9,10,11,14,15,17,18,22,23,25,1
2418,10/01/2022,3,4,7,8,11,12,13,14,16,17,18,19,20,23,24,4
2419,11/01/2022,2,3,5,6,10,11,12,13,15,18,19,21,22,23,24,0
2420,12/01/2022,1,3,5,9,10,11,12,13,14,15,18,21,22,24,25,2
2421,13/01/2022,3,4,5,6,7,10,13,14,16,17,19,20,21,22,24,3
2422,14/01/2022,1,2,3,4,5,7,8,10,11,12,14,17,18,22,25,1
2423,15/01/2022,3,4,5,7,8,9,10,11,15,16,17,18,19,20,24,1
2424,17/01/2022,1,3,4,5,6,9,10,11,14,15,16,20,22,23,25,1
2425,18/01/2022,1,3,4,5,6,10,11,13,15,19,20,21,22,24,25,1
2426,19/01/2022,1,2,3,6,7,8,9,11,13,19,20,21,22,23,24,2
2427,20/01/2022,1,3,6,8,11,15,16,17,18,19,20,21,22,23,24,1
2428,21/01/2022,2,5,6,7,9,10,11,12,15,16,17,18,20,24,25,0
2429,22/01/2022,1,4,5,6,8,9,10,11,12,14,15,19,20,21,24,2
2430,24/01/2022,1,4,5,7,8,10,11,12,14,17,18,19,20,21,23,7
2431,25/01/2022,4,6,7,8,9,10,11,12,13,14,17,18,19,22,25,0
2432,26/01/2022,3,5,6,7,8,9,11,12,13,14,15,19,20,21,25,1
2433,27/01/2022,1,3,4,5,6,9,10,11,12,13,15,18,20,21,24,4
2434,28/01/2022,1,4,7,11,13,14,16,17,19,20,21,22,23,24,25,1
2435,29/01/2022,2,4,5,6,7,10,11,12,13,15,16,19,20,21,22,4
2436,31/01/2022,2,3,4,6,8,9,12,14,15,16,17,19,20,21,23,1
2437,01/02/2022,1,2,7,8,9,10,11,13,14,15,17,18,20,21,25,1
2438,02/02/2022,1,4,5,6,8,11,12,13,14,16,18,19,22,23,24,2
2439,03/02/2022,2,5,7,8,9,10,11,13,15,16,17,20,21,23,25,5
2440,04/02/2022,3,4,5,6,8,9,11,14,16,18,20,21,22,24,25,4
2441,05/02/2022,1,3,7,8,9,10,11,13,15,18,20,21,22,24,25,3
2442,07/02/2022,1,6,7,10,11,12,14,15,16,17,18,19,21,22,25,2
2443,08/02/2022,2,3,5,6,7,9,10,14,15,16,17,20,21,22,23,3
2444,09/02/2022,3,4,5,6,8,9,10,11,12,14,16,17,18,19,25,2
2445,10/02/2022,1,2,5,6,7,8,10,11,13,15,18,21,22,23,25,0
2446,11/02/2022,4,6,8,11,12,13,15,17,19,20,21,22,23,24,25,2
2447,12/02/2022,2,3,4,5,8,13,14,15,16,17,18,19,20,22,23,1
2448,14/02/2022,2,3,4,5,6,8,9,11,12,14,16,19,20,22,24,2
2449,15/02/2022,1,2,4,8,9,11,13,14,15,16,17,18,20,21,22,0
2450,16/02/2022,1,2,3,4,5,7,8,11,13,14,15,18,23,24,25,1
2451,17/02/2022,3,4,5,7,9,10,11,15,18,19,20,22,23,24,25,1
2452,18/02/2022,1,6,7,8,9,11,15,17,18,20,21,22,23,24,25,0
2453,19/02/2022,4,5,7,8,10,12,13,16,17,19,21,22,23,24,25,1
2454,21/02/2022,1,2,4,6,8,9,10,12,15,16,20,21,23,24,25,1
2455,22/02/2022,1,2,3,8,10,11,12,13,14,16,19,22,23,24,25,3
2456,23/02/2022,4,5,6,8,9,10,12,13,14,17,18,19,21,24,25,0
2457,24/02/2022,1,3,5,8,10,11,14,15,16,18,20,22,23,24,25,5
2458,25/02/2022,1,2,3,4,6,8,10,11,12,16,18,21,22,24,25,1
2459,26/02/2022,1,3,5,6,11,12,14,15,17,18,19,20,21,23,25,1
2460,02/03/2022,1,2,3,4,5,6,9,11,12,14,15,18,19,23,25,3
2461,03/03/2022,1,2,5,7,10,13,14,15,17,18,19,20,21,22,24,1
2462,04/03/2022,3,4,5,9,10,11,12,14,15,16,17,18,20,22,25,2
2463,05/03/2022,5,7,9,10,11,12,13,14,15,17,18,20,21,23,25,1
2464,07/03/2022,1,5,6,7,9,11,13,16,17,20,21,22,23,24,25,3
2465,08/03/2022,2,5,6,7,8,10,11,13,14,15,17,18,19,21,25,2
2466,09/03/2022,1,2,5,7,8,9,12,13,14,17,19,20,21,24,25,18
2467,10/03/2022,5,6,8,10,11,12,14,15,16,18,20,21,22,23,25,3
2468,11/03/2022,3,4,7,8,9,12,13,17,18,19,20,21,22,23,24,1
2469,12/03/2022,1,2,4,5,6,7,11,13,17,18,19,20,21,24,25,2
2470,14/03/2022,1,3,4,5,6,9,10,11,12,13,21,22,23,24,25,4
2471,15/03/2022,2,3,4,5,8,9,14,17,18,19,20,21,23,24,25,0
2472,16/03/2022,2,3,4,9,10,12,13,15,16,17,21,22,23,24,25,2
2473,17/03/2022,1,4,6,7,8,9,10,14,16,18,19,20,21,23,25,1
2474,18/03/2022,1,2,5,6,8,9,11,14,15,17,19,20,23,24,25,8
2475,19/03/2022,1,3,4,5,6,7,11,13,15,16,18,19,22,24,25,2
2476,21/03/2022,1,6,9,10,11,12,13,15,16,17,18,21,22,23,24,0
2477,22/03/2022,1,2,3,5,7,8,9,10,13,14,15,18,19,20,24,4
2478,23/03/2022,1,5,7,8,10,11,12,14,15,16,21,22,23,24,25,1
2479,24/03/2022,2,3,4,5,7,11,12,14,17,19,20,21,23,24,25,1
2480,25/03/2022,1,2,5,6,7,9,10,12,13,14,15,16,17,21,24,3
2481,26/03/2022,2,3,5,6,7,9,10,13,14,15,17,18,20,21,25,1
2482,28/03/2022,3,5,6,7,9,11,12,13,14,16,17,20,21,24,25,0
2483,29/03/2022,2,3,6,7,8,10,13,14,15,16,19,20,22,23,25,7
2484,30/03/2022,4,5,6,8,10,11,12,14,15,17,19,21,22,23,25,1
2485,31/03/2022,1,2,3,8,10,12,14,15,17,18,20,21,23,24,25,2
2486,01/04/2022,1,2,4,5,8,9,10,11,12,18,19,20,23,24,25,4
2487,02/04/2022,1,2,6,8,10,11,12,13,14,16,18,20,22,23,24,2
2488,04/04/2022,1,2,4,5,6,7,9,11,12,13,16,20,21,22,24,0
2489,05/04/2022,1,4,5,7,8,10,11,13,14,16,18,21,22,23,24,3
2490,06/04/2022,1,3,4,5,6,10,12,13,14,15,16,19,20,24,25,1
2491,07/04/2022,1,2,3,4,5,6,9,11,14,17,18,19,21,22,24,0
2492,08/04/2022,4,7,8,9,10,11,12,13,14,15,17,20,22,23,24,1
2493,09/04/2022,2,3,6,7,9,10,11,12,14,15,16,18,20,21,25,1
2494,11/04/2022,1,2,4,5,6,8,9,10,12,13,16,18,23,24,25,1
2495,12/04/2022,3,5,9,10,12,13,14,15,16,17,18,19,21,24,25,0
2496,13/04/2022,2,3,4,8,9,10,11,13,17,18,20,22,23,24,25,3
2497,14/04/2022,2,6,7,8,9,11,12,14,15,18,19,20,22,23,25,2
2498,16/04/2022,1,2,5,6,7,8,9,11,12,17,18,19,20,22,25,2
2499,18/04/2022,2,3,4,5,7,8,11,12,14,16,17,19,20,22,23,2
2500,19/04/2022,3,4,5,6,9,11,12,13,14,15,17,18,19,21,25,2
2501,20/04/2022,1,2,3,4,5,6,7,8,9,11,19,20,22,23,25,1
2502,22/04/2022,2,3,4,5,9,11,12,13,15,18,20,21,23,24,25,3
2503,23/04/2022,1,2,3,4,6,7,9,10,11,12,13,18,19,20,22,2
2504,25/04/2022,3,5,7,8,12,13,14,15,16,17,20,21,22,23,24,1
2505,26/04/2022,1,2,3,4,6,8,9,10,17,18,19,21,23,24,25,1
2506,27/04/2022,3,4,5,8,9,10,11,14,15,16,18,19,20,22,25,2
2507,28/04/2022,3,4,5,7,8,9,10,11,13,14,15,16,19,20,25,1
2508,29/04/2022,1,2,5,6,7,10,11,12,14,15,17,18,19,20,21,3
2509,30/04/2022,2,3,4,5,9,10,11,12,13,14,19,21,22,23,25,1
2510,02/05/2022,1,2,5,7,11,13,14,16,17,19,20,22,23,24,25,2
2511,03/05/2022,1,3,4,5,6,8,9,11,15,16,18,21,23,24,25,3
2512,04/05/2022,1,2,3,7,9,10,12,14,15,16,18,19,20,21,23,2
2513,05/05/2022,2,3,4,6,7,9,11,12,16,17,19,20,21,23,24,2
2514,06/05/2022,2,3,5,6,7,8,9,12,14,15,16,18,19,21,24,2
2515,07/05/2022,4,5,7,8,9,11,12,14,15,16,19,21,22,24,25,1
2516,09/05/2022,1,2,3,5,7,8,10,11,14,15,16,17,21,22,24,2
2517,10/05/2022,1,2,3,5,6,9,10,12,14,15,16,20,21,23,24,2
2518,11/05/2022,1,2,4,5,6,8,11,13,14,15,20,22,23,24,25,1
2519,12/05/2022,2,3,4,5,8,10,11,12,13,14,18,19,22,24,25,1
2520,13/05/2022,1,2,4,5,6,7,8,10,14,15,16,18,23,24,25,3
2521,14/05/2022,2,3,4,6,7,8,13,14,16,17,18,21,22,24,25,4
2522,16/05/2022,1,2,3,5,9,10,12,13,15,16,18,19,21,22,25,4
2523,17/05/2022,1,4,5,6,7,10,11,12,14,15,17,18,20,23,24,1
2524,18/05/2022,1,2,3,5,6,7,12,14,15,16,19,20,23,24,25,1
2525,19/05/2022,4,6,10,11,12,13,16,17,18,19,20,21,23,24,25,2
2526,20/05/2022,1,2,6,8,11,12,13,14,16,17,19,20,22,23,24,2
2527,21/05/2022,1,2,5,6,9,11,12,13,14,17,18,19,20,21,23,5
2528,23/05/2022,2,3,5,7,8,9,10,11,12,13,15,20,22,23,24,4
2529,24/05/2022,3,5,6,8,9,11,12,13,14,16,18,21,22,24,25,2
2530,25/05/2022,1,2,4,6,7,8,9,11,13,15,21,22,23,24,25,0
2531,26/05/2022,1,2,3,4,5,7,8,11,12,16,17,18,20,21,25,3
2532,27/05/2022,1,2,3,4,6,9,10,12,13,14,16,17,18,22,25,1
2533,28/05/2022,4,7,8,10,11,12,15,16,17,18,19,22,23,24,25,0
2534,30/05/2022,7,8,10,11,12,14,15,16,17,18,20,21,22,23,25,5
2535,31/05/2022,5,6,7,8,11,12,13,14,15,16,18,20,22,24,25,0
2536,01/06/2022,1,2,4,6,9,12,13,15,16,17,18,19,21,23,25,4
2537,02/06/2022,2,4,5,6,7,9,10,12,14,16,18,19,22,23,24,3
2538,03/06/2022,1,2,4,5,6,8,9,13,14,16,17,21,22,24,25,1
2539,04/06/2022,1,3,4,5,6,9,10,13,16,17,18,20,23,24,25,1
2540,06/06/2022,1,3,5,6,7,8,11,12,14,18,20,21,22,23,24,3
2541,07/06/2022,2,4,7,8,11,12,13,14,16,17,18,19,20,22,25,1
2542,08/06/2022,3,5,8,10,12,13,15,16,18,19,20,21,22,24,25,3
2543,09/06/2022,3,5,6,7,8,9,11,12,14,17,18,19,20,24,25,4
2544,10/06/2022,3,5,6,7,8,10,11,12,13,15,18,20,21,23,24,4
2545,11/06/2022,1,2,3,5,7,9,10,13,14,15,16,19,20,21,24,1
2546,13/06/2022,2,4,5,7,8,9,10,11,14,17,20,21,22,24,25,2
2547,14/06/2022,1,2,5,9,10,12,15,16,18,19,21,22,23,24,25,0
2548,15/06/2022,1,2,3,4,5,8,9,11,13,15,16,18,19,23,25,1
2549,17/06/2022,1,2,4,5,6,7,9,11,16,17,19,21,22,24,25,1
2550,18/06/2022,1,2,6,7,9,10,12,13,17,18,20,21,23,24,25,3
2551,20/06/2022,1,2,6,9,10,11,12,14,15,16,18,20,21,22,25,2
2552,21/06/2022,1,3,4,5,9,10,12,13,14,15,17,18,21,24,25,1
2553,22/06/2022,1,2,4,5,7,8,9,11,13,14,17,18,19,21,25,7
2554,23/06/2022,2,3,4,8,10,11,13,15,16,17,18,19,20,22,24,2
2555,24/06/2022,2,3,4,6,7,8,11,12,16,17,18,21,22,23,25,5
2556,25/06/2022,1,2,5,10,11,12,15,17,18,20,21,22,23,24,25,1
2557,27/06/2022,2,3,4,5,6,7,8,9,10,11,12,17,18,21,22,0
2558,28/06/2022,3,4,5,6,10,12,14,15,16,17,20,21,22,24,25,1
2559,29/06/2022,1,3,5,7,8,9,10,12,13,14,16,17,19,21,25,2
2560,30/06/2022,1,2,4,5,6,8,9,11,14,16,18,20,23,24,25,5
2561,01/07/2022,1,2,3,5,6,7,12,13,15,16,17,18,20,21,23,2
2562,02/07/2022,2,3,6,7,9,10,11,14,16,17,20,21,22,24,25,2
2563,04/07/2022,3,4,6,8,9,12,15,17,18,19,21,22,23,24,25,1
2564,05/07/2022,2,4,6,7,8,11,15,16,17,18,21,22,23,24,25,1
2565,06/07/2022,1,2,5,7,9,10,11,12,14,15,16,18,20,22,25,8
2566,07/07/2022,1,2,10,11,12,13,14,15,16,18,19,20,21,23,24,1
2567,08/07/2022,1,2,3,4,5,7,11,12,13,14,15,19,20,21,24,0
2568,09/07/2022,1,2,4,6,8,9,11,12,14,15,17,20,21,22,24,3
2569,11/07/2022,3,5,12,13,14,15,16,17,18,19,20,21,22,23,25,1
2570,12/07/2022,1,3,4,5,6,7,9,10,11,13,16,18,20,23,25,4
2571,13/07/2022,2,4,5,7,10,14,15,16,17,19,20,21,23,24,25,3
2572,14/07/2022,1,3,5,7,8,9,11,12,13,14,15,16,21,23,24,1
2573,15/07/2022,2,6,9,10,11,12,13,15,16,17,18,19,20,22,23,1
2574,16/07/2022,1,2,3,7,9,10,11,12,14,16,17,19,20,21,25,1
2575,18/07/2022,2,3,5,6,7,8,10,11,14,15,16,17,21,23,25,5
2576,19/07/2022,1,2,5,6,7,10,13,15,16,18,19,20,21,24,25,1
2577,20/07/2022,1,4,6,7,8,9,12,13,14,18,20,21,23,24,25,1
2578,21/07/2022,1,2,3,4,7,8,9,10,12,14,15,16,20,22,25,2
2579,22/07/2022,1,3,4,7,8,10,12,15,16,17,18,19,22,23,25,4
2580,23/07/2022,1,5,7,8,10,11,12,13,14,15,16,18,20,22,25,3
2581,25/07/2022,1,2,3,4,7,8,11,12,15,16,17,19,20,21,22,1
2582,26/07/2022,1,3,4,5,8,10,11,12,13,15,16,18,19,21,24,1
2583,27/07/2022,1,2,5,7,8,10,11,13,14,15,16,18,19,23,24,2
2584,28/07/2022,3,4,5,7,8,10,11,12,13,14,15,16,22,23,24,2
2585,29/07/2022,3,4,6,7,8,10,12,17,18,20,21,22,23,24,25,2
2586,30/07/2022,1,2,7,8,12,13,15,16,18,19,20,21,22,23,24,1
2587,01/08/2022,3,4,6,7,8,9,11,13,15,16,19,20,21,22,24,0
2588,02/08/2022,3,4,5,8,9,10,14,15,17,18,21,22,23,24,25,5
2589,03/08/2022,1,2,4,5,7,8,9,10,14,15,18,21,22,24,25,3
2590,04/08/2022,1,3,4,5,7,9,10,13,15,16,18,20,21,24,25,12
2591,05/08/2022,1,2,3,4,5,7,9,11,12,14,17,20,21,23,24,0
2592,06/08/2022,1,2,4,5,6,7,10,14,15,18,19,21,22,23,25,0
2593,08/08/2022,1,5,6,8,9,10,12,13,15,17,20,21,22,23,24,4
2594,09/08/2022,4,5,9,11,12,14,15,16,18,20,21,22,23,24,25,2
2595,10/08/2022,2,3,4,6,9,10,12,14,16,17,18,20,22,24,25,4
2596,11/08/2022,2,5,6,9,11,12,13,14,15,16,17,19,20,24,25,0
2597,12/08/2022,4,7,8,9,11,12,13,14,15,16,17,19,21,23,25,2
2598,13/08/2022,1,3,6,9,10,11,12,13,14,17,18,19,20,23,25,0
2599,15/08/2022,1,2,3,4,6,8,9,10,11,13,17,18,19,22,23,3
2600,16/08/2022,2,5,7,9,10,11,12,14,15,16,18,22,23,24,25,3
2601,17/08/2022,1,3,4,5,6,7,13,15,16,17,20,21,22,23,24,1
2602,18/08/2022,1,2,3,4,5,6,8,10,11,12,16,18,19,20,23,1
2603,19/08/2022,2,3,5,7,9,10,11,13,15,17,19,20,21,24,25,37
2604,20/08/2022,4,5,6,7,9,12,13,14,15,16,18,19,20,22,23,0
2605,22/08/2022,1,2,5,7,9,11,12,15,16,19,21,22,23,24,25,4
2606,23/08/2022,3,6,7,8,9,10,11,14,16,18,19,20,21,23,24,1
2607,24/08/2022,1,3,5,7,8,9,10,14,16,17,18,22,23,24,25,0
2608,25/08/2022,1,2,4,8,9,11,12,14,15,17,18,19,23,24,25,0
2609,26/08/2022,3,5,6,7,9,11,12,15,17,18,19,20,21,24,25,3
2610,10/09/2022,1,3,5,7,8,9,10,11,12,15,16,17,20,22,24,79
2611,12/09/2022,2,3,4,5,6,7,8,13,14,15,17,19,21,22,25,4
2612,13/09/2022,1,3,6,9,10,11,13,16,17,18,19,20,21,23,25,1
2613,14/09/2022,1,2,3,5,6,8,11,14,15,16,18,19,20,21,25,2
2614,15/09/2022,1,2,3,4,6,10,13,16,17,19,20,21,23,24,25,0
2615,16/09/2022,2,3,5,6,8,9,10,14,15,17,19,20,21,22,25,5
2616,17/09/2022,1,2,3,4,6,7,9,10,12,14,16,18,21,22,25,3
2617,19/09/2022,1,3,5,6,7,8,10,11,12,13,17,18,22,24,25,3
2618,20/09/2022,1,2,3,4,5,6,7,9,11,16,17,18,19,20,25,1
2619,21/09/2022,3,4,5,6,7,9,10,11,12,13,15,16,17,20,25,1
2620,22/09/2022,1,2,3,5,7,9,10,11,13,14,15,16,18,19,23,1
2621,23/09/2022,2,3,4,5,7,9,10,11,12,14,15,20,22,23,25,2
2622,24/09/2022,1,2,3,4,5,6,8,9,10,12,13,17,19,20,25,0
2623,26/09/2022,1,4,5,6,7,10,11,12,13,15,16,18,22,23,24,3
2624,27/09/2022,2,4,5,7,8,12,14,17,18,20,21,22,23,24,25,2
2625,28/09/2022,3,4,5,7,8,9,10,11,12,13,18,19,20,21,25,5
2626,29/09/2022,3,4,5,6,8,10,11,12,13,14,17,20,22,23,24,0
2627,30/09/2022,1,3,7,8,9,10,13,14,16,17,20,21,22,24,25,3
2628,01/10/2022,1,4,9,10,11,12,13,14,15,17,20,21,22,23,25,3
2629,03/10/2022,2,3,4,5,6,7,9,10,12,13,14,19,21,22,25,1
2630,04/10/2022,1,2,3,6,8,9,10,13,14,16,17,20,21,22,25,5
2631,05/10/2022,2,4,5,6,7,8,11,14,17,18,19,20,21,23,24,1
2632,06/10/2022,1,4,5,7,9,11,12,13,15,16,17,19,20,21,22,2
2633,07/10/2022,1,3,4,6,9,11,12,14,15,16,17,18,19,24,25,0
2634,08/10/2022,1,2,3,4,7,9,10,14,15,16,18,20,21,22,24,4
2635,10/10/2022,2,4,5,6,8,10,11,13,14,15,17,20,21,23,25,19
2636,11/10/2022,1,3,4,5,7,8,9,10,11,13,15,18,22,24,25,1
2637,13/10/2022,2,4,5,8,9,10,12,13,19,20,21,22,23,24,25,2
2638,14/10/2022,2,4,5,9,10,12,14,15,18,19,21,22,23,24,25,1
2639,15/10/2022,2,3,7,8,9,11,12,14,15,16,18,20,21,22,24,2
2640,17/10/2022,3,6,7,9,10,11,12,14,15,16,18,19,21,22,25,3
2641,18/10/2022,1,3,4,5,7,8,9,12,13,14,17,19,20,23,24,4
2642,19/10/2022,2,4,5,8,9,13,14,15,16,17,19,20,21,22,24,3
2643,20/10/2022,1,2,3,4,6,9,11,12,13,16,18,19,20,22,25,0
2644,21/10/2022,1,2,5,6,8,10,11,12,13,15,16,17,18,19,20,2
2645,22/10/2022,1,2,3,5,6,7,11,12,13,14,15,17,18,20,24,1
2646,24/10/2022,2,3,6,8,9,10,12,13,14,15,17,20,22,23,25,3
2647,25/10/2022,1,3,4,5,6,9,10,13,16,17,18,19,22,24,25,2
2648,26/10/2022,4,7,8,10,11,12,13,14,15,16,17,18,20,22,25,2
2649,27/10/2022,2,3,6,7,8,10,12,14,15,16,17,19,20,23,24,2
2650,28/10/2022,2,4,5,6,7,9,11,12,13,14,15,18,19,20,22,1
2651,29/10/2022,3,4,10,11,12,13,15,16,17,18,19,22,23,24,25,1
2652,31/10/2022,1,3,4,5,6,8,10,12,14,15,16,17,19,24,25,3
2653,01/11/2022,2,3,7,8,9,10,12,13,14,15,17,18,19,20,21,2
2654,03/11/2022,1,3,5,6,9,10,13,15,16,17,19,20,21,24,25,4
2655,04/11/2022,1,5,6,8,9,11,13,14,15,16,19,20,21,22,23,2
2656,05/11/2022,2,3,4,7,9,10,11,12,13,17,18,19,20,21,25,1
2657,07/11/2022,1,2,3,5,6,7,8,10,12,13,15,16,17,21,24,2
2658,08/11/2022,1,2,3,4,5,8,9,10,12,14,15,16,18,21,24,1
2659,09/11/2022,1,3,5,7,10,11,13,15,18,19,20,21,22,23,24,3
2660,10/11/2022,1,2,3,6,8,10,13,14,15,16,18,19,21,24,25,4
2661,11/11/2022,1,3,4,5,6,8,9,10,12,15,16,17,18,22,25,1
2662,12/11/2022,3,4,5,6,9,10,12,13,14,16,17,19,20,22,23,3
2663,14/11/2022,1,3,5,6,7,11,12,13,14,16,18,19,21,22,25,1
2664,16/11/2022,1,4,5,6,7,8,9,10,11,12,17,18,23,24,25,5
2665,17/11/2022,3,6,7,8,9,11,12,13,15,16,18,19,20,21,25,2
2666,18/11/2022,2,3,4,7,8,10,11,12,13,19,20,21,22,23,24,2
2667,19/11/2022,1,2,3,4,8,9,10,11,13,15,19,20,23,24,25,1
2668,21/11/2022,1,3,5,8,9,13,15,16,17,18,19,20,22,23,24,1
2669,22/11/2022,1,4,6,7,8,9,10,11,14,15,19,20,21,24,25,1
2670,23/11/2022,1,3,5,7,8,13,15,17,18,19,21,22,23,24,25,4
2671,24/11/2022,1,2,5,7,8,9,10,11,12,13,18,20,21,22,25,3
2672,25/11/2022,2,3,5,6,9,10,11,13,15,16,17,19,21,22,24,6
2673,26/11/2022,2,3,4,5,7,8,10,11,12,14,15,20,22,23,24,0
2674,28/11/2022,1,2,3,4,5,7,8,11,12,13,14,15,16,20,25,0
2675,29/11/2022,2,4,7,9,10,12,13,14,16,18,20,22,23,24,25,13
2676,30/11/2022,2,6,8,9,11,13,14,15,16,18,19,21,22,23,25,1
2677,01/12/2022,1,3,4,6,8,10,11,12,14,16,17,18,21,22,24,8
2678,02/12/2022,2,4,5,6,7,8,9,10,11,15,16,17,20,22,24,2
2679,03/12/2022,4,5,6,7,8,9,10,12,13,16,19,20,22,24,25,1
2680,05/12/2022,1,2,4,5,9,10,11,13,15,16,17,19,20,23,24,7
2681,06/12/2022,2,4,7,8,10,12,13,14,16,17,18,19,21,22,24,1
2682,07/12/2022,3,4,6,7,8,9,10,11,12,14,15,16,19,23,24,0
2683,08/12/2022,1,2,3,4,8,10,11,12,13,14,20,21,22,23,25,2
2684,09/12/2022,2,4,6,7,8,9,10,11,12,13,15,20,22,23,25,0
2685,10/12/2022,4,5,6,7,8,9,11,16,17,18,20,21,22,24,25,1
2686,12/12/2022,1,3,4,5,7,8,9,13,14,15,16,19,20,21,24,1
2687,13/12/2022,3,4,5,6,7,10,11,13,14,15,16,19,20,21,22,3
2688,14/12/2022,2,4,5,6,7,8,10,11,14,16,17,18,20,22,25,1
2689,15/12/2022,2,3,4,5,8,9,10,14,15,16,18,21,22,23,24,3
2690,16/12/2022,1,3,5,6,7,8,11,12,15,17,18,20,21,23,24,3
2691,17/12/2022,1,2,6,9,10,11,12,13,15,17,18,19,21,24,25,4
2692,19/12/2022,1,2,3,4,6,8,9,11,13,14,15,20,21,22,24,3
2693,20/12/2022,3,7,8,9,10,13,14,15,16,19,20,21,22,24,25,1
2694,21/12/2022,3,5,7,8,9,10,11,12,13,14,15,20,21,23,24,1
2695,22/12/2022,1,2,8,9,10,11,12,13,15,17,20,21,23,24,25,2
2696,23/12/2022,1,2,3,4,6,7,8,9,11,13,14,15,16,18,22,1
2697,24/12/2022,2,5,6,9,10,11,13,14,15,18,19,20,21,22,25,2
2698,26/12/2022,1,2,3,4,5,8,9,10,12,17,20,22,23,24,25,1
2699,27/12/2022,1,3,4,6,7,8,11,13,14,15,16,20,22,23,24,1
2700,28/12/2022,3,4,5,6,7,9,13,14,16,17,19,21,22,24,25,4
2701,29/12/2022,1,3,4,5,7,9,12,14,16,18,19,21,22,23,25,3
2702,30/12/2022,1,2,4,6,7,10,14,15,16,17,18,19,21,23,25,3
2703,31/12/2022,1,2,5,7,9,10,12,13,14,17,19,20,21,23,24,6
2704,03/01/2023,2,5,7,8,9,10,11,12,13,16,18,19,20,21,23,2
2705,04/01/2023,2,3,4,7,8,9,14,16,17,18,19,20,22,24,25,0
2706,05/01/2023,1,3,4,7,8,9,10,11,12,13,15,18,21,22,25,0
2707,06/01/2023,1,2,4,5,8,9,10,11,14,15,16,17,18,21,25,1
2708,07/01/2023,1,2,3,5,6,13,14,16,18,19,21,22,23,24,25,2
2709,09/01/2023,1,2,3,5,9,10,11,12,13,19,21,22,23,24,25,2
2710,10/01/2023,1,2,3,4,7,10,11,12,13,14,16,17,20,24,25,5
2711,11/01/2023,1,3,4,8,11,12,15,16,18,19,20,22,23,24,25,1
2712,12/01/2023,2,3,8,11,12,13,16,17,18,19,20,22,23,24,25,4
2713,13/01/2023,2,3,5,6,7,8,9,12,15,18,19,20,21,22,24,4
2714,14/01/2023,2,3,5,6,8,9,11,13,16,17,18,21,23,24,25,2
2715,16/01/2023,2,4,6,7,11,12,13,14,15,17,18,19,22,23,25,1
2716,17/01/2023,1,4,6,8,9,10,13,14,15,17,18,19,20,21,24,1
2717,18/01/2023,2,3,4,5,9,10,11,14,15,16,17,20,21,22,24,6
2718,19/01/2023,1,2,3,4,6,7,8,12,15,19,20,21,22,23,25,0
2719,20/01/2023,1,4,5,6,8,10,11,13,14,15,17,19,22,23,24,8
2720,21/01/2023,1,4,5,6,7,8,9,11,13,15,17,19,21,22,23,5
2721,23/01/2023,1,3,5,8,10,11,12,13,14,16,18,19,20,21,25,3
2722,24/01/2023,1,2,3,4,5,6,8,12,18,20,21,22,23,24,25,8
2723,25/01/2023,1,2,3,6,7,8,10,12,15,17,20,21,22,23,24,1
2724,26/01/2023,1,3,5,6,8,12,13,14,17,19,20,21,22,24,25,2
2725,27/01/2023,1,2,4,5,7,8,9,10,11,12,14,17,22,23,24,4
2726,28/01/2023,2,5,6,8,9,10,11,14,16,17,18,19,20,21,23,3
2727,30/01/2023,2,3,4,8,9,10,11,12,13,16,17,18,19,20,23,4
2728,31/01/2023,1,2,3,4,5,9,10,11,13,14,16,17,18,20,22,0
2729,01/02/2023,2,4,5,6,8,9,10,12,13,14,19,20,21,22,25,3
2730,02/02/2023,2,4,7,10,11,13,14,15,16,19,20,21,23,24,25,3
2731,03/02/2023,1,3,7,8,9,11,12,13,14,18,19,20,21,23,25,2
2732,04/02/2023,2,3,5,6,8,10,12,15,16,18,19,20,21,24,25,4
2733,06/02/2023,1,3,4,6,7,8,10,11,12,14,19,21,22,24,25,2
2734,07/02/2023,1,3,5,6,8,10,11,12,14,15,17,18,21,22,23,1
2735,08/02/2023,1,2,4,5,6,8,9,11,12,14,17,18,21,23,24,3
2736,09/02/2023,1,3,6,8,11,12,14,15,17,18,19,20,21,23,25,0
2737,10/02/2023,3,4,5,7,9,10,11,16,17,18,19,20,23,24,25,1
2738,11/02/2023,1,3,4,10,11,12,13,14,15,16,19,20,21,24,25,2
2739,13/02/2023,1,2,3,4,5,6,7,11,13,15,16,18,22,23,25,1
2740,14/02/2023,2,3,5,6,7,8,9,10,11,13,14,15,17,19,23,7
2741,15/02/2023,1,2,4,5,6,7,8,9,13,15,18,22,23,24,25,4
2742,16/02/2023,1,2,4,5,7,9,11,12,13,14,15,17,18,20,22,1
2743,17/02/2023,1,4,6,8,9,12,13,16,17,18,19,20,22,23,24,1
2744,18/02/2023,1,2,3,4,6,7,8,9,11,12,15,20,21,23,25,1
2745,22/02/2023,1,6,7,9,10,11,12,14,15,17,19,22,23,24,25,1
2746,23/02/2023,1,3,4,6,7,10,11,12,13,17,18,19,23,24,25,7
2747,24/02/2023,1,2,5,7,8,10,11,12,14,17,18,19,20,21,25,3
2748,25/02/2023,1,2,4,5,6,8,9,10,12,14,16,19,22,23,24,1
2749,27/02/2023,2,5,6,7,9,10,12,13,14,16,18,20,21,22,24,2
2750,28/02/2023,1,2,6,7,8,9,11,13,14,16,17,18,21,22,23,2
2751,01/03/2023,1,2,3,5,9,10,12,13,15,16,17,19,23,24,25,4
2752,02/03/2023,2,3,4,7,10,11,12,15,16,17,20,21,22,23,25,4
2753,03/03/2023,2,5,7,8,11,12,14,16,17,18,20,21,22,24,25,2
2754,04/03/2023,2,3,4,8,9,10,13,14,16,17,18,19,20,24,25,1
2755,06/03/2023,1,3,5,7,8,9,10,11,12,15,16,17,21,22,23,2
2756,07/03/2023,1,2,5,6,8,10,11,12,14,15,18,20,21,22,23,1
2757,08/03/2023,1,3,5,6,7,8,9,10,12,13,17,18,19,23,25,4
2758,09/03/2023,1,2,3,4,7,10,11,12,13,16,18,21,22,23,24,1
2759,10/03/2023,2,3,7,9,10,11,12,13,15,17,18,19,20,21,23,4
2760,11/03/2023,1,2,4,6,7,10,11,13,14,15,17,18,20,22,24,6
2761,13/03/2023,1,2,3,4,8,11,13,14,15,17,18,19,20,21,22,1
2762,14/03/2023,2,5,6,9,10,11,12,13,16,17,19,21,22,23,24,1
2763,15/03/2023,1,2,4,6,8,9,10,11,13,15,16,18,19,20,23,2
2764,16/03/2023,1,2,4,5,7,10,11,12,13,16,19,20,23,24,25,1
2765,17/03/2023,2,3,5,6,7,11,14,15,16,19,20,21,23,24,25,2
2766,18/03/2023,1,3,4,6,8,9,11,14,15,17,19,21,22,23,25,5
2767,20/03/2023,2,3,6,7,8,11,15,16,17,18,19,20,21,22,24,0
2768,21/03/2023,1,4,5,7,9,11,13,14,15,16,19,20,22,23,25,10
2769,22/03/2023,1,2,3,5,7,8,10,11,12,16,17,18,21,24,25,5
2770,23/03/2023,2,3,4,6,8,10,11,12,13,15,18,19,20,21,23,4
2771,24/03/2023,4,6,7,8,9,12,15,16,17,18,19,20,22,23,25,3
2772,25/03/2023,1,2,5,7,8,9,10,11,12,16,17,19,23,24,25,2
2773,27/03/2023,1,2,3,4,5,7,11,14,16,18,20,21,22,23,24,4
2774,28/03/2023,1,2,4,6,8,12,13,15,18,20,21,22,23,24,25,0
2775,29/03/2023,1,2,3,4,8,12,14,15,18,19,20,22,23,24,25,1
2776,30/03/2023,1,2,4,5,8,12,13,14,15,17,18,19,20,22,23,1
2777,31/03/2023,3,6,7,8,9,11,12,13,14,15,17,20,21,24,25,0
2778,01/04/2023,1,4,5,6,9,10,11,12,13,15,18,19,20,22,25,7
2779,03/04/2023,1,2,6,7,8,9,10,11,12,15,18,20,21,23,25,2
2780,04/04/2023,3,4,7,9,10,11,13,14,17,19,20,21,22,23,24,4
2781,05/04/2023,3,4,5,7,8,10,14,15,16,17,18,20,23,24,25,2
2782,06/04/2023,1,4,6,9,10,11,12,16,17,18,19,20,22,23,24,0
2783,08/04/2023,2,4,7,8,9,10,11,13,15,19,20,21,22,24,25,4
2784,10/04/2023,1,2,3,4,6,7,8,10,11,14,15,19,21,22,25,1
2785,11/04/2023,1,4,5,9,11,14,15,17,18,19,20,21,23,24,25,4
2786,12/04/2023,1,2,3,5,6,7,10,12,15,16,17,18,21,23,25,1
2787,13/04/2023,1,4,7,9,11,12,14,16,18,19,21,22,23,24,25,1
2788,14/04/2023,2,3,5,6,7,8,9,10,12,14,15,19,20,24,25,3
2789,15/04/2023,3,4,6,7,8,9,10,12,13,14,15,18,19,20,25,0
2790,17/04/2023,2,3,5,7,8,9,10,11,12,13,16,20,21,22,25,5
2791,18/04/2023,3,4,6,8,10,11,14,15,16,17,20,22,23,24,25,1
2792,19/04/2023,1,3,6,8,9,10,11,13,16,17,18,20,21,23,25,1
2793,20/04/2023,2,3,4,5,6,7,8,13,14,15,18,20,21,22,24,1
2794,22/04/2023,1,2,3,5,6,8,10,14,15,16,17,20,21,22,25,1
2795,24/04/2023,1,2,3,4,5,6,7,8,9,11,15,18,19,22,25,1
2796,25/04/2023,1,3,4,7,9,10,12,15,16,19,20,21,22,24,25,2
2797,26/04/2023,3,4,5,6,10,11,13,14,16,18,19,20,22,23,25,1
2798,27/04/2023,1,2,3,5,7,8,12,14,15,16,18,20,22,23,24,6
2799,28/04/2023,1,3,6,9,10,11,13,14,15,16,18,20,21,22,23,3
2800,29/04/2023,2,3,5,6,7,9,13,14,15,16,17,20,21,22,23,4
2801,02/05/2023,1,2,3,7,9,12,15,16,17,18,19,20,22,24,25,3
2802,03/05/2023,1,2,3,4,6,8,9,12,13,16,17,18,22,23,25,3
2803,04/05/2023,1,5,6,7,8,9,12,13,14,16,18,20,21,24,25,1
2804,05/05/2023,2,3,4,7,8,9,10,11,12,13,14,16,21,23,24,0
2805,06/05/2023,5,6,7,8,10,11,12,13,14,18,19,20,22,23,25,1
2806,08/05/2023,1,2,3,4,5,11,12,13,14,16,17,19,20,23,25,0
2807,09/05/2023,1,3,5,6,7,9,10,11,12,13,14,15,16,22,24,2
2808,10/05/2023,4,6,8,9,10,12,13,14,15,18,19,20,21,22,24,0
2809,11/05/2023,1,2,4,5,7,8,13,15,18,19,20,21,22,24,25,1
2810,12/05/2023,2,4,5,7,10,11,12,13,14,18,19,20,23,24,25,2
2811,13/05/2023,2,3,4,5,6,7,8,9,10,11,15,16,22,23,25,2
2812,15/05/2023,1,3,8,11,12,13,14,15,19,20,21,22,23,24,25,4
2813,16/05/2023,1,2,3,4,7,11,13,14,15,18,19,21,22,24,25,1
2814,17/05/2023,1,2,4,7,8,11,12,13,15,19,20,22,23,24,25,7
2815,18/05/2023,3,4,5,6,7,8,9,10,13,16,18,19,22,24,25,1
2816,19/05/2023,1,2,8,9,11,13,14,15,16,18,19,21,22,24,25,3
2817,20/05/2023,3,4,5,7,8,12,13,17,18,19,20,21,22,24,25,1
2818,22/05/2023,1,2,3,4,5,7,9,10,11,12,13,14,15,17,24,1
2819,23/05/2023,1,2,4,5,6,8,10,11,14,18,20,21,22,23,24,0
2820,24/05/2023,4,5,6,9,10,12,13,14,17,18,19,20,21,23,25,6
2821,25/05/2023,2,3,4,5,6,8,9,10,12,13,19,20,21,22,23,2
2822,26/05/2023,1,3,4,5,6,9,10,11,12,17,20,21,23,24,25,2
2823,27/05/2023,1,4,6,13,14,15,16,17,18,19,20,21,23,24,25,0
2824,29/05/2023,1,2,5,7,9,12,13,14,15,16,20,21,22,24,25,2
2825,30/05/2023,2,3,4,6,7,8,9,14,17,18,20,21,22,24,25,1
2826,31/05/2023,1,2,3,5,7,9,11,12,13,16,17,18,19,21,23,0
2827,01/06/2023,1,2,3,5,6,7,10,13,15,16,17,18,19,21,24,2
2828,02/06/2023,1,5,6,8,11,12,14,15,16,17,18,19,20,21,25,0
2829,03/06/2023,2,3,5,6,7,8,9,10,11,13,14,15,17,18,25,99
2830,05/06/2023,2,3,4,8,9,10,11,12,13,17,18,20,21,22,25,99
2831,06/06/2023,2,3,5,7,10,11,13,14,15,16,17,19,20,22,25,99
2832,07/06/2023,1,2,3,5,6,11,14,15,16,19,20,21,22,23,24,99
2833,09/06/2023,2,3,4,5,6,11,13,14,16,18,19,22,23,24,25,99
2834,10/06/2023,1,6,8,10,11,12,13,14,17,19,20,21,22,23,25,99
2835,12/06/2023,2,4,6,7,8,9,10,12,13,14,15,16,21,22,25,99
2836,13/06/2023,1,2,3,4,7,9,12,14,15,17,18,20,21,22,23,99
2837,14/06/2023,1,2,5,6,8,10,12,17,18,19,20,21,22,24,25,99
2838,15/06/2023,3,4,5,6,7,8,10,11,12,13,15,16,21,23,25,99
2839,16/06/2023,1,3,4,5,6,10,12,13,15,16,17,18,20,21,24,99
2840,17/06/2023,1,2,4,5,6,7,10,11,13,14,16,20,22,24,25,99
2841,19/06/2023,3,5,6,7,8,9,14,17,18,19,20,21,23,24,25,99
2842,20/06/2023,3,6,7,8,10,11,12,13,17,18,20,21,22,24,25,99
2843,21/06/2023,2,4,7,9,10,12,13,16,18,20,21,22,23,24,25,99
2844,22/06/2023,4,5,6,7,10,11,12,13,14,17,21,22,23,24,25,99
2845,23/06/2023,1,2,5,7,8,10,11,12,15,17,18,19,20,23,24,99
2846,24/06/2023,4,6,8,9,10,12,13,14,15,17,19,20,21,23,24,99
2847,26/06/2023,2,4,5,6,8,9,10,12,13,14,15,18,21,22,24,99
2848,27/06/2023,1,2,4,6,7,9,11,12,13,16,17,19,23,24,25,99
2849,28/06/2023,1,2,6,9,10,11,12,15,16,18,19,20,21,24,25,99
2850,29/06/2023,1,2,6,9,11,12,14,15,16,18,19,20,22,23,24,99
2851,30/06/2023,1,3,5,6,8,9,10,12,15,16,19,20,21,22,25,99
2852,01/07/2023,1,2,4,6,8,9,10,12,13,14,15,17,19,22,24,99
2853,03/07/2023,1,2,3,4,5,9,11,12,13,14,17,21,22,24,25,2
2854,04/07/2023,1,3,5,7,8,9,10,12,14,15,17,19,20,23,25,3
2855,05/07/2023,1,2,3,4,7,8,9,10,16,17,19,21,22,23,24,0
2856,06/07/2023,1,2,3,4,5,7,9,12,15,18,20,22,23,24,25,5
2857,07/07/2023,1,3,4,6,7,8,9,10,12,15,16,17,19,22,23,0
2858,08/07/2023,1,2,4,5,6,8,11,12,13,15,17,19,20,22,24,4
2859,10/07/2023,1,2,5,6,8,9,10,11,12,14,17,18,21,22,25,2
2860,11/07/2023,1,2,3,4,5,8,9,12,13,14,15,16,18,20,21,4
2861,12/07/2023,1,5,7,10,11,12,14,15,16,17,18,19,20,21,25,0
2862,13/07/2023,1,2,3,4,6,8,9,12,13,16,18,20,21,22,23,2
2863,14/07/2023,1,2,5,6,7,8,9,11,13,14,19,20,21,22,25,0
2864,15/07/2023,3,4,5,6,7,8,9,10,11,15,16,17,19,22,23,2
2865,17/07/2023,2,4,5,6,9,11,12,13,14,15,18,20,21,22,23,1
2866,18/07/2023,1,2,3,7,8,9,11,12,14,16,17,21,22,24,25,0
2867,19/07/2023,1,5,7,9,10,12,13,14,15,18,20,21,22,23,25,2
2868,20/07/2023,1,2,3,4,6,7,8,9,10,14,17,22,23,24,25,2
2869,21/07/2023,1,2,3,4,6,7,9,10,11,13,16,19,23,24,25,2
2870,22/07/2023,1,2,4,5,7,9,10,11,14,15,16,17,19,22,25,1
2871,24/07/2023,1,2,5,6,7,8,9,10,12,16,17,20,21,23,25,0
2872,25/07/2023,1,2,6,7,9,12,13,14,17,18,19,21,22,23,25,3
2873,26/07/2023,1,6,7,8,10,12,14,15,16,18,21,22,23,24,25,2
2874,27/07/2023,1,3,4,6,7,9,10,11,12,13,17,18,19,20,23,2
2875,28/07/2023,1,2,4,6,7,8,9,11,12,13,14,15,18,19,25,0
2876,29/07/2023,2,3,5,6,7,8,9,10,14,15,16,18,20,22,25,4
2877,31/07/2023,1,3,7,9,10,12,13,14,15,17,19,20,22,24,25,9
2878,01/08/2023,1,2,4,5,7,11,12,13,14,15,18,20,21,22,24,3
2879,02/08/2023,1,2,3,4,6,7,10,12,13,16,17,19,20,24,25,1
2880,03/08/2023,1,2,4,5,7,8,9,12,13,14,15,21,22,23,25,3
2881,04/08/2023,1,3,4,6,7,10,11,12,13,16,18,19,20,23,25,99
2882,05/08/2023,2,3,6,7,9,10,14,16,17,19,20,21,22,23,24,99
2883,07/08/2023,5,7,8,9,10,11,12,13,15,17,18,19,20,21,25,99
2884,08/08/2023,1,2,3,6,7,10,11,12,14,16,18,20,21,22,23,99
2885,09/08/2023,2,3,7,8,10,11,14,16,17,18,19,21,22,23,24,99
2886,10/08/2023,1,4,5,7,8,9,13,14,15,16,17,19,22,24,25,18
2887,11/08/2023,1,2,3,7,9,10,11,12,17,18,19,20,21,22,24,99
2888,12/08/2023,1,2,4,7,8,10,12,13,15,17,19,20,22,24,25,17
2889,14/08/2023,2,4,6,7,8,10,12,14,15,16,18,20,23,24,25,99
2890,15/08/2023,1,4,6,7,9,10,11,12,15,16,18,19,20,21,23,99
2891,16/08/2023,1,2,5,6,10,11,12,13,15,17,18,20,21,23,24,99
2892,17/08/2023,4,5,6,8,9,10,14,16,17,18,19,20,21,22,23,99
2893,18/08/2023,1,4,5,6,8,9,10,11,17,19,20,21,23,24,25,99
2894,19/08/2023,1,2,3,4,5,6,7,8,13,14,15,17,20,22,23,99
2895,21/08/2023,2,3,5,8,9,11,14,15,16,17,18,21,22,24,25,99
2896,22/08/2023,1,2,5,7,8,9,11,13,15,16,17,18,20,23,24,3
2897,23/08/2023,1,7,9,10,11,12,13,14,17,18,19,21,23,24,25,99
2898,24/08/2023,1,6,9,10,12,14,15,16,17,18,20,21,22,23,24,99
2899,25/08/2023,2,3,5,7,8,10,13,14,15,16,17,18,19,22,25,99
2900,09/09/2023,1,3,4,5,6,7,10,11,14,18,19,20,23,24,25,650
2901,11/09/2023,1,4,5,9,10,13,14,15,16,17,20,21,22,23,25,99
2902,12/09/2023,2,3,4,5,6,7,8,10,11,13,15,19,21,24,25,99
2903,13/09/2023,2,3,4,5,10,12,14,16,17,18,20,21,23,24,25,99
2904,14/09/2023,1,2,4,5,8,9,10,11,14,17,18,20,21,22,24,99
2905,15/09/2023,1,2,3,4,6,9,10,11,13,14,16,20,22,23,24,2
2906,16/09/2023,1,2,3,5,6,7,9,13,15,16,17,18,19,20,23,99
2907,18/09/2023,1,2,3,7,8,9,10,13,14,15,16,17,20,22,23,99
2908,19/09/2023,5,6,7,10,11,12,13,14,16,17,18,19,20,22,24,99
2909,20/09/2023,2,5,6,7,9,10,12,16,17,18,19,20,21,23,24,99
2910,21/09/2023,1,2,6,7,8,9,10,13,15,18,19,20,21,23,24,99
2911,22/09/2023,3,4,6,8,9,10,11,16,18,19,20,22,23,24,25,99
2912,23/09/2023,1,2,4,6,10,11,14,15,16,17,19,20,22,23,25,99
2913,25/09/2023,3,4,6,7,8,9,10,12,15,17,19,21,22,24,25,99
2914,26/09/2023,3,4,5,6,7,8,9,10,11,16,17,18,20,21,25,99
2915,27/09/2023,2,4,6,7,9,11,12,13,14,15,16,19,21,23,25,99
2916,28/09/2023,1,3,5,11,12,14,15,17,18,19,20,21,22,24,25,99
2917,29/09/2023,3,4,6,9,10,14,15,16,17,19,20,21,23,24,25,99
2918,30/09/2023,2,6,7,8,10,11,12,14,15,16,18,20,23,24,25,99
2919,02/10/2023,3,4,5,6,7,9,10,13,16,17,18,20,22,24,25,99
2920,03/10/2023,1,2,4,5,6,7,9,10,12,13,14,17,18,21,22,7
2921,04/10/2023,1,3,4,7,9,13,14,15,16,17,18,19,21,22,24,0
2922,05/10/2023,1,2,4,5,6,8,11,12,13,15,16,17,19,21,24,2
2923,06/10/2023,4,6,7,9,11,12,13,16,17,18,20,22,23,24,25,99
2924,07/10/2023,2,3,4,5,6,7,8,9,12,13,14,18,20,23,24,99
2925,09/10/2023,3,4,5,6,7,8,9,10,11,18,21,22,23,24,25,99
2926,10/10/2023,1,2,3,4,7,8,9,13,15,17,18,19,22,24,25,2
2927,11/10/2023,1,4,7,8,9,11,12,14,15,16,17,21,22,23,24,0
2928,13/10/2023,1,3,4,6,7,9,13,14,15,16,17,18,19,21,24,4
2929,14/10/2023,1,2,4,6,7,9,11,12,15,17,18,20,21,24,25,5
2930,16/10/2023,1,2,3,4,6,7,9,10,11,14,16,19,21,22,23,99
2931,17/10/2023,1,2,4,5,6,7,11,13,14,16,17,18,19,20,21,99
2932,18/10/2023,2,5,6,7,8,9,10,11,14,16,17,18,20,21,24,99
2933,19/10/2023,1,2,3,4,6,7,8,10,14,15,17,18,20,22,25,99
2934,20/10/2023,2,3,6,7,8,10,11,12,13,16,18,19,20,23,24,99
2935,21/10/2023,1,3,4,6,8,9,13,14,15,19,20,21,22,24,25,99
2936,23/10/2023,1,4,8,9,10,11,12,13,16,18,19,20,21,23,24,99
2937,24/10/2023,1,2,3,4,5,6,8,9,10,13,17,21,23,24,25,99
2938,25/10/2023,1,2,3,4,5,6,8,9,10,11,15,17,20,21,24,99
2939,26/10/2023,2,3,5,6,7,9,10,11,12,13,17,18,20,22,23,99
2940,27/10/2023,1,2,5,7,8,9,11,12,13,14,15,20,21,24,25,99
2941,28/10/2023,4,5,6,7,8,10,11,12,14,17,20,21,22,24,25,99
2942,30/10/2023,4,5,6,7,8,9,10,14,16,17,18,19,20,23,25,99
2943,31/10/2023,1,4,5,8,9,10,11,12,15,16,17,18,19,20,25,99
2944,01/11/2023,1,2,4,5,6,7,11,12,13,15,17,18,20,21,24,99
2945,03/11/2023,5,6,7,8,10,13,14,15,17,18,19,20,21,22,25,99
2946,04/11/2023,1,3,4,5,10,12,13,14,15,16,19,20,23,24,25,99
2947,06/11/2023,2,3,4,6,7,8,9,11,12,13,15,20,22,24,25,99
2948,07/11/2023,1,3,5,7,8,9,10,11,12,16,18,21,23,24,25,99
2949,08/11/2023,6,7,9,12,13,14,15,16,17,18,20,21,22,23,24,99
2950,09/11/2023,1,3,6,7,8,9,10,13,14,16,17,19,20,22,25,99
2951,10/11/2023,1,3,6,8,9,10,13,15,16,17,18,19,20,21,22,99
2952,11/11/2023,1,2,3,4,5,6,8,9,11,12,16,19,20,21,22,99
2953,13/11/2023,1,3,4,5,7,8,9,13,17,18,19,20,21,22,23,99
2954,14/11/2023,1,2,3,5,7,9,10,12,14,18,19,22,23,24,25,99
2955,16/11/2023,1,2,3,4,6,8,11,12,13,16,17,18,19,23,24,99
2956,17/11/2023,3,5,7,9,14,16,17,18,19,20,21,22,23,24,25,99
2957,18/11/2023,1,2,4,5,7,8,9,10,11,15,17,19,20,21,24,99
2958,20/11/2023,4,6,7,8,10,11,12,13,14,18,20,22,23,24,25,99
2959,21/11/2023,1,3,4,5,8,10,11,14,15,16,20,21,23,24,25,99
2960,22/11/2023,1,2,3,4,5,8,9,11,12,15,16,19,20,23,25,99
2961,23/11/2023,1,3,4,5,7,8,9,10,13,15,17,18,20,23,25,99
2962,24/11/2023,1,3,6,7,9,11,12,14,15,17,18,20,22,24,25,99
2963,25/11/2023,1,2,3,4,9,10,11,12,13,14,15,18,21,24,25,99
2964,27/11/2023,1,3,4,5,7,9,10,11,12,14,18,20,22,23,25,99
2965,28/11/2023,1,3,7,8,10,11,12,14,15,16,17,18,19,23,24,99
2966,29/11/2023,1,3,4,6,7,8,11,12,13,17,18,19,20,22,23,99
2967,30/11/2023,1,2,3,4,6,7,8,9,14,17,18,19,20,22,25,99
2968,01/12/2023,2,4,5,6,7,9,10,13,14,15,18,19,20,21,23,99
2969,02/12/2023,3,4,5,6,9,11,13,17,18,19,20,21,22,23,24,99
2970,04/12/2023,1,2,3,8,9,11,12,13,14,15,18,20,21,22,25,0
2971,05/12/2023,1,2,4,5,10,11,12,14,15,16,17,18,20,21,25,3
2972,06/12/2023,3,4,5,6,8,11,12,13,14,18,19,20,21,24,25,3
2973,07/12/2023,1,2,4,6,8,9,10,11,14,16,17,18,19,20,25,1
2974,08/12/2023,4,6,8,9,10,12,13,14,15,16,18,19,20,21,24,0
2975,09/12/2023,5,8,11,12,13,14,15,16,17,18,20,21,22,23,24,1
2976,11/12/2023,1,2,4,6,8,9,10,12,13,14,17,18,20,21,24,4
2977,12/12/2023,3,5,6,7,8,9,10,11,13,14,18,20,22,24,25,0
2978,13/12/2023,5,6,7,10,12,13,14,15,16,17,20,21,23,24,25,2
2979,14/12/2023,2,4,5,6,8,9,10,11,13,14,19,20,22,24,25,4
2980,15/12/2023,1,2,4,7,8,12,14,15,16,17,19,20,21,24,25,1
2981,16/12/2023,1,2,5,6,9,10,13,14,17,19,20,21,22,24,25,99
2982,18/12/2023,2,6,7,8,10,12,14,15,16,18,19,20,21,23,24,99
2983,19/12/2023,1,2,3,4,6,7,8,9,12,13,15,19,23,24,25,99
2984,20/12/2023,2,3,5,6,7,8,9,13,14,15,18,20,23,24,25,99
2985,21/12/2023,2,3,4,5,7,11,12,14,15,18,19,21,22,24,25,1
2986,22/12/2023,1,3,4,7,10,12,13,14,16,18,19,20,22,23,25,1
2987,23/12/2023,1,3,4,6,7,8,11,12,13,14,15,16,17,18,20,1
2988,26/12/2023,1,3,6,7,9,10,11,12,13,14,17,19,20,22,23,0
2989,27/12/2023,1,2,4,11,12,13,15,16,18,19,20,22,23,24,25,1
2990,28/12/2023,3,4,5,6,10,12,13,16,18,20,21,22,23,24,25,99
2991,29/12/2023,1,2,3,4,5,6,9,11,12,13,14,16,22,23,25,99
2992,30/12/2023,1,4,5,6,8,9,12,14,17,18,19,21,22,23,25,99
2993,02/01/2024,1,2,3,4,5,7,8,12,13,15,16,18,19,24,25,1
2994,03/01/2024,2,3,4,5,8,9,11,13,15,16,17,18,19,20,21,0
2995,04/01/2024,1,2,3,4,6,11,12,16,19,20,21,22,23,24,25,99
2996,05/01/2024,1,2,3,4,5,10,11,14,15,17,18,19,20,22,24,99
2997,06/01/2024,2,3,4,5,7,8,9,11,14,17,19,20,22,23,25,99
2998,08/01/2024,2,6,7,9,10,12,13,14,16,17,18,19,21,23,25,99
2999,09/01/2024,1,2,3,4,7,10,11,13,17,18,19,20,22,24,25,99
3000,10/01/2024,1,2,5,6,9,10,11,12,15,17,18,19,21,24,25,5
3001,11/01/2024,2,4,6,10,11,12,13,14,18,19,20,21,23,24,25,99
3002,12/01/2024,3,4,6,7,8,10,12,14,15,18,19,21,22,23,25,99
3003,13/01/2024,1,2,5,8,9,10,11,13,14,16,18,19,22,23,25,77
3004,15/01/2024,1,4,5,8,9,10,11,12,14,16,18,19,21,24,25,77
3005,16/01/2024,1,2,3,5,7,9,10,12,13,16,18,19,21,24,25,77
3006,17/01/2024,1,3,4,5,6,8,9,10,11,12,15,19,21,23,25,77
3007,18/01/2024,2,3,4,10,11,12,14,15,16,20,21,22,23,24,25,77
3008,19/01/2024,1,2,4,6,7,8,9,10,12,13,15,16,18,19,24,77
3009,20/01/2024,2,3,4,7,9,11,12,14,18,19,20,22,23,24,25,77
3010,22/01/2024,1,2,3,6,7,8,11,12,14,15,16,17,18,20,25,77
3011,23/01/2024,1,2,3,4,5,7,8,9,10,11,13,15,21,23,24,77
3012,24/01/2024,1,2,3,5,6,7,14,15,16,17,20,21,23,24,25,77
3013,25/01/2024,1,2,3,5,7,8,10,11,13,15,17,18,19,21,22,77
3014,26/01/2024,2,5,7,8,9,11,12,13,14,16,17,19,21,23,24,77
3015,27/01/2024,1,3,4,5,6,7,8,10,12,13,14,17,19,20,22,77
3016,29/01/2024,1,3,5,7,8,9,10,11,12,13,18,20,23,24,25,77
3017,30/01/2024,1,2,3,5,6,7,9,11,12,15,16,17,19,20,21,77
3018,31/01/2024,1,2,3,5,9,10,13,15,16,17,20,21,23,24,25,77
3019,01/02/2024,1,2,3,4,6,9,10,11,12,13,16,17,18,20,21,77
3020,02/02/2024,2,3,6,7,10,13,14,15,17,18,19,20,22,23,24,77
3021,03/02/2024,2,4,5,7,8,10,11,12,13,14,19,20,23,24,25,77
3022,05/02/2024,6,7,8,9,10,12,13,14,15,16,17,20,21,23,25,77
3023,06/02/2024,2,3,6,7,10,12,13,15,16,18,20,21,22,23,25,77
3024,07/02/2024,1,2,4,6,7,9,11,12,15,17,19,22,23,24,25,77
3025,08/02/2024,3,4,6,7,8,11,12,13,14,16,19,21,22,23,24,77
3026,09/02/2024,1,2,3,4,5,6,9,10,12,15,16,17,21,22,23,77
3027,10/02/2024,3,5,6,8,11,13,14,15,17,18,19,20,22,23,25,77
3028,14/02/2024,1,2,3,4,6,10,11,15,17,18,19,21,22,24,25,77
3029,15/02/2024,5,6,7,8,9,10,12,13,15,16,17,18,20,22,25,77
3030,16/02/2024,1,3,4,5,6,8,10,13,14,15,17,18,22,24,25,77
3031,17/02/2024,2,3,6,7,8,9,10,11,12,13,14,20,23,24,25,77
3032,19/02/2024,1,2,4,6,7,8,10,11,14,15,17,18,19,23,24,77
3033,20/02/2024,1,2,3,4,6,7,9,10,11,13,15,19,23,24,25,77
3034,21/02/2024,2,3,6,7,8,9,11,12,13,14,16,18,19,22,25,77
3035,22/02/2024,1,5,7,8,9,12,13,14,17,18,20,21,23,24,25,77
3036,23/02/2024,1,4,5,7,8,9,11,13,14,17,18,20,21,22,25,77
3037,24/02/2024,1,2,3,4,7,8,9,10,11,12,15,16,20,22,23,77
3038,26/02/2024,2,3,4,5,11,12,16,17,18,20,21,22,23,24,25,77
3039,27/02/2024,1,2,4,5,6,7,8,10,11,13,18,19,22,24,25,77
3040,28/02/2024,2,3,4,5,7,8,9,10,11,12,14,16,18,20,21,77
3041,29/02/2024,1,3,5,8,9,10,11,12,13,15,16,18,21,22,25,77
3042,01/03/2024,1,3,4,5,7,8,9,10,11,17,19,21,22,24,25,77
3043,02/03/2024,1,2,3,4,8,9,10,12,13,14,15,17,18,24,25,77
3044,04/03/2024,2,3,6,8,9,12,13,16,17,18,19,20,21,22,24,77
3045,05/03/2024,2,3,5,8,9,10,12,15,16,17,18,20,21,23,25,77
3046,06/03/2024,1,3,4,5,6,7,12,13,15,18,20,21,22,23,25,77
3047,07/03/2024,1,2,4,7,8,9,10,11,14,15,17,18,21,24,25,77
3048,08/03/2024,3,4,5,7,8,10,11,16,18,19,20,21,23,24,25,77
3049,09/03/2024,1,2,3,4,5,7,8,9,12,13,14,15,17,19,20,99
3050,11/03/2024,4,5,6,7,8,9,14,18,19,20,21,22,23,24,25,0
3051,12/03/2024,2,3,4,6,9,10,11,12,15,17,18,20,21,22,25,5
3052,13/03/2024,2,3,4,8,9,10,11,14,15,18,19,20,21,23,24,77
3053,14/03/2024,2,4,5,7,8,12,13,14,16,17,18,19,21,22,23,77
3054,15/03/2024,1,2,4,8,9,10,14,15,18,19,20,21,22,23,24,77
3055,16/03/2024,2,3,7,8,9,10,11,12,14,15,17,20,21,22,23,77
3056,18/03/2024,1,2,3,4,5,8,9,15,16,17,19,21,22,23,25,77
3057,19/03/2024,1,3,4,8,11,13,15,16,18,19,20,21,22,23,24,77
3058,20/03/2024,1,2,5,7,8,9,10,13,14,15,16,19,22,24,25,77
3059,21/03/2024,1,3,4,5,7,8,11,12,15,16,18,19,20,21,25,77
3060,22/03/2024,2,4,5,7,8,10,12,13,14,17,19,21,22,24,25,77
3061,23/03/2024,1,2,3,8,9,11,12,13,14,15,17,18,19,20,22,77
3062,25/03/2024,2,4,6,7,8,9,10,11,12,13,17,19,20,24,25,77
3063,26/03/2024,2,4,5,7,8,10,12,14,16,17,18,19,20,21,22,77
3064,27/03/2024,4,5,6,7,10,11,12,13,14,15,17,18,21,23,25,77
3065,28/03/2024,1,6,7,9,10,12,14,15,16,17,20,21,22,23,24,77
3066,30/03/2024,1,3,5,10,11,12,13,14,16,17,19,21,22,23,25,77
3067,01/04/2024,1,2,5,7,8,9,11,13,14,17,19,20,21,22,24,77
3068,02/04/2024,1,2,3,4,5,6,10,11,12,13,14,16,18,19,25,77
3069,03/04/2024,3,4,5,9,11,12,14,15,16,17,19,20,22,23,25,77
3070,04/04/2024,3,5,7,8,10,11,13,14,15,19,20,21,23,24,25,77
3071,05/04/2024,1,2,4,7,8,10,11,12,14,15,17,19,21,23,25,77
3072,06/04/2024,1,2,3,4,5,6,8,11,13,14,15,17,20,21,25,77
3073,08/04/2024,1,2,3,5,7,8,9,10,11,12,16,17,22,24,25,77
3074,09/04/2024,2,3,4,6,7,8,9,10,16,17,19,20,23,24,25,77
3075,10/04/2024,1,3,4,6,7,9,12,13,14,15,16,17,20,22,25,77
3076,11/04/2024,1,2,5,6,7,9,10,12,13,14,16,17,22,24,25,77
3077,12/04/2024,2,5,7,8,9,10,11,12,15,16,17,18,21,22,23,77
3078,13/04/2024,2,6,7,8,9,10,11,13,14,15,19,20,21,22,23,77
3079,15/04/2024,1,2,4,5,6,7,8,10,12,13,14,16,18,24,25,77
3080,16/04/2024,1,3,4,5,6,7,9,10,11,13,15,17,18,20,25,77
3081,17/04/2024,1,2,4,5,6,10,13,15,17,18,19,21,23,24,25,77
3082,18/04/2024,1,3,4,5,6,7,9,10,12,13,17,18,19,21,24,77
3083,19/04/2024,2,4,5,7,8,9,10,11,12,15,18,19,20,21,23,77
3084,20/04/2024,1,2,4,5,9,12,16,17,18,19,20,22,23,24,25,77
3085,22/04/2024,2,3,4,6,7,9,11,12,13,14,15,19,20,24,25,77
3086,23/04/2024,1,3,4,5,6,7,11,12,13,16,17,18,19,21,23,77
3087,24/04/2024,1,2,3,4,5,6,7,10,12,14,17,18,21,24,25,77
3088,25/04/2024,1,2,3,5,9,10,11,13,15,18,20,21,22,23,25,77
3089,26/04/2024,1,2,4,5,8,10,11,12,13,15,18,20,21,22,23,77
3090,27/04/2024,1,3,4,8,10,11,13,14,17,18,19,21,22,23,25,77
3091,29/04/2024,2,4,5,8,9,11,13,14,15,18,19,20,21,24,25,77
3092,30/04/2024,1,4,5,6,8,9,10,13,15,17,20,21,22,23,25,77
3093,02/05/2024,1,2,3,5,6,7,10,12,14,16,17,20,22,24,25,77
3094,03/05/2024,2,3,4,5,6,8,10,12,13,14,15,17,18,21,22,77
3095,04/05/2024,1,2,4,5,6,7,8,10,11,12,19,21,22,23,24,77
3096,06/05/2024,2,3,4,6,9,13,14,15,16,17,19,20,21,22,25,2
3097,07/05/2024,1,2,3,4,7,8,9,12,13,14,15,17,18,20,25,0
3098,08/05/2024,1,2,3,5,6,8,10,11,13,14,15,16,19,21,24,2
3099,09/05/2024,1,5,6,7,8,10,11,12,17,18,20,21,22,23,25,0
3100,10/05/2024,1,2,3,4,6,8,9,10,15,16,18,20,21,22,25,77
3101,11/05/2024,3,8,9,10,11,12,15,17,18,19,20,21,23,24,25,77
3102,13/05/2024,1,8,10,11,12,13,14,15,16,18,19,20,21,24,25,77
3103,14/05/2024,2,5,6,7,8,11,12,13,15,16,17,22,23,24,25,77
3104,15/05/2024,1,2,3,4,5,6,8,9,10,13,15,17,19,24,25,77
3105,16/05/2024,2,4,5,6,8,10,12,14,15,16,17,22,23,24,25,77
3106,17/05/2024,2,3,4,7,10,12,13,14,15,17,19,20,21,22,25,1
3107,18/05/2024,1,2,3,4,5,7,9,10,12,13,16,17,19,23,25,1
3108,20/05/2024,2,3,4,6,7,11,12,13,14,15,18,20,22,23,25,77
3109,21/05/2024,1,3,5,8,9,10,12,15,16,17,18,19,20,21,23,1
3110,22/05/2024,1,3,4,6,9,12,13,14,15,16,18,20,23,24,25,5
3111,23/05/2024,2,3,4,5,7,9,10,12,13,15,16,18,19,22,23,1
3112,24/05/2024,1,2,3,5,7,8,9,11,12,15,16,18,19,20,22,1
3113,25/05/2024,1,3,5,6,8,9,11,14,16,18,21,22,23,24,25,4
3114,27/05/2024,2,3,4,5,6,7,8,10,12,13,14,16,21,23,25,1
3115,28/05/2024,1,3,4,6,9,11,12,13,15,16,18,20,22,24,25,6
3116,29/05/2024,2,3,4,5,7,9,12,14,15,16,19,21,22,23,24,77
3117,31/05/2024,1,2,4,7,9,11,12,15,16,17,18,19,21,22,23,1
3118,01/06/2024,1,6,7,10,11,12,14,15,18,19,21,22,23,24,25,1
3119,03/06/2024,2,4,7,8,9,10,12,14,16,19,21,22,23,24,25,77
3120,04/06/2024,1,3,4,5,7,8,10,11,13,15,16,17,18,19,21,77
3121,05/06/2024,1,2,3,4,6,7,8,11,14,17,19,22,23,24,25,77
3122,06/06/2024,1,2,3,4,7,12,13,15,17,18,19,21,22,23,25,77
3123,07/06/2024,1,3,5,8,9,13,14,15,16,17,21,22,23,24,25,77
3124,08/06/2024,1,3,5,9,12,13,14,15,16,17,19,20,21,22,25,77
3125,10/06/2024,3,5,6,9,10,12,13,14,16,17,18,19,20,21,24,77
3126,11/06/2024,1,4,5,6,7,9,10,13,14,16,19,21,23,24,25,77
3127,12/06/2024,2,3,4,7,12,14,15,16,18,20,21,22,23,24,25,77
3128,13/06/2024,1,2,5,8,9,10,11,13,14,16,17,18,20,21,24,77
3129,14/06/2024,1,2,4,6,7,8,14,15,16,17,18,19,22,23,25,77
3130,15/06/2024,1,2,5,8,9,10,12,13,14,15,16,20,21,22,24,77
3131,17/06/2024,2,3,4,5,6,7,8,9,12,14,17,22,23,24,25,77
3132,18/06/2024,2,3,4,5,7,10,11,13,14,15,16,22,23,24,25,77
3133,19/06/2024,2,5,6,9,10,11,12,14,15,17,19,20,22,24,25,77
3134,20/06/2024,1,3,6,7,8,9,12,13,14,15,18,19,20,21,25,77
3135,21/06/2024,1,2,3,5,9,10,11,13,17,20,21,22,23,24,25,77
3136,22/06/2024,2,4,6,8,10,12,13,14,15,17,18,19,20,22,23,77
3137,24/06/2024,1,4,6,7,8,9,12,13,15,18,20,21,23,24,25,77
3138,25/06/2024,1,2,3,4,6,7,17,18,19,20,21,22,23,24,25,77
3139,26/06/2024,1,3,4,6,7,8,9,11,13,15,17,18,20,21,25,77
3140,27/06/2024,1,2,3,6,7,8,10,11,14,15,17,19,22,23,25,77
3141,28/06/2024,2,3,7,8,10,11,13,14,15,17,19,20,22,23,24,77
3142,29/06/2024,1,3,4,6,7,9,10,13,14,15,16,17,18,20,22,77
3143,01/07/2024,2,5,6,9,12,13,14,15,17,18,19,20,21,23,25,77
