Concurso;Data do Sorteio;Coluna1;Coluna2;Coluna3;Coluna4;Coluna5;Coluna6;Ganhadores Faixa 1;Ganhadores Faixa 2;Ganhadores Faixa 3
1501;08/06/2013;1;7;13;29;37;54;1;238;11210
1502;12/06/2013;6;22;43;51;52;57;0;48;3580
1503;15/06/2013;3;4;16;22;36;42;0;111;8448
1504;19/06/2013;2;10;12;30;41;42;0;74;5957
1505;22/06/2013;1;2;6;9;16;32;0;263;15199
1506;26/06/2013;3;14;18;34;42;49;0;182;10892
1507;29/06/2013;24;46;50;51;52;56;0;93;7021
1508;03/07/2013;17;18;30;35;39;58;2;115;10276
1509;06/07/2013;1;6;27;46;51;59;0;71;5633
1510;10/07/2013;1;8;17;44;46;53;1;95;9101
1511;13/07/2013;4;8;17;29;31;45;0;138;7658
1512;17/07/2013;11;28;35;42;46;58;0;94;5874
1513;20/07/2013;17;28;31;56;57;58;0;44;4837
1514;24/07/2013;16;17;23;42;59;60;1;66;6219
1515;27/07/2013;4;13;14;18;49;59;1;111;8567
1516;31/07/2013;4;18;20;34;45;60;1;56;3946
1517;03/08/2013;7;17;38;45;52;56;0;60;5366
1518;06/08/2013;8;9;28;41;48;55;0;28;2892
1519;08/08/2013;5;6;15;23;56;59;0;72;5886
1520;10/08/2013;7;31;35;36;46;48;0;43;5886
1521;14/08/2013;11;14;18;30;33;39;1;134;9266
1522;17/08/2013;5;8;23;32;33;56;0;93;6765
1523;21/08/2013;22;25;31;39;41;44;0;61;4254
1524;24/08/2013;2;12;40;46;52;53;0;53;4637
1525;28/08/2013;2;26;30;35;46;54;0;67;6260
1526;31/08/2013;10;16;28;47;51;59;1;149;10735
1527;04/09/2013;16;32;36;42;44;48;0;92;5439
1528;06/09/2013;4;13;15;19;36;58;0;101;7347
1529;11/09/2013;11;15;17;34;35;49;1;75;6622
1530;14/09/2013;10;16;28;33;48;53;2;138;9644
1531;18/09/2013;12;13;24;41;42;44;0;108;5944
1532;21/09/2013;2;11;23;31;42;44;3;91;5676
1533;25/09/2013;13;21;29;34;47;57;0;89;5659
1534;28/09/2013;1;12;28;29;34;48;1;89;6196
1535;02/10/2013;8;9;25;41;54;55;0;63;6058
1536;05/10/2013;13;18;29;32;50;58;0;89;7408
1537;09/10/2013;6;10;33;50;51;56;1;209;11870
1538;11/10/2013;23;27;35;52;53;57;1;132;5238
1539;16/10/2013;8;10;20;26;49;58;0;53;4366
1540;19/10/2013;3;17;27;32;47;54;0;299;14429
1541;23/10/2013;5;24;37;44;49;58;0;205;12026
1542;26/10/2013;7;11;12;30;39;57;0;154;11783
1543;30/10/2013;7;15;20;23;30;41;0;182;13138
1544;01/11/2013;2;21;30;35;45;50;0;152;10385
1545;06/11/2013;4;6;11;24;45;48;1;680;45410
1546;09/11/2013;4;17;38;44;53;60;0;100;6673
1547;13/11/2013;2;9;10;18;21;28;1;227;11559
1548;16/11/2013;19;41;42;44;47;54;0;45;3429
1549;20/11/2013;10;12;16;20;32;53;1;66;6564
1550;23/11/2013;9;13;21;27;36;56;1;229;14109
1551;27/11/2013;2;15;19;21;23;38;1;131;7631
1552;30/11/2013;7;18;24;26;39;46;0;122;7839
1553;04/12/2013;20;21;22;29;46;60;0;48;3788
1554;07/12/2013;30;32;49;50;52;53;0;60;4098
1555;11/12/2013;2;5;23;33;52;59;0;167;13033
1556;14/12/2013;1;4;7;10;11;52;0;549;26705
1557;17/12/2013;4;16;18;31;45;46;0;123;8744
1558;19/12/2013;7;15;17;31;42;54;0;186;11538
1559;21/12/2013;8;12;16;29;37;58;1;317;16431
1560;31/12/2013;20;30;36;38;47;53;4;1147;90376
1561;02/01/2014;23;26;28;54;55;60;0;20;1669
1562;04/01/2014;10;12;23;37;47;51;0;59;4384
1563;09/01/2014;1;6;13;20;36;43;1;202;10395
1564;11/01/2014;25;38;44;46;53;54;1;71;5602
1565;15/01/2014;18;37;39;41;43;51;0;52;5157
1566;18/01/2014;5;6;11;32;36;60;1;133;8797
1567;22/01/2014;2;15;30;38;48;53;0;59;4463
1568;25/01/2014;19;24;25;28;42;58;0;103;7192
1569;29/01/2014;5;15;18;31;42;53;0;81;6718
1570;01/02/2014;15;18;24;42;46;56;0;225;11903
1571;05/02/2014;3;29;32;46;55;60;0;176;11857
1572;08/02/2014;20;27;42;45;46;47;0;93;11613
1573;12/02/2014;7;16;21;35;36;38;0;230;19015
1574;15/02/2014;6;27;28;33;46;48;0;459;29794
1575;19/02/2014;1;4;5;14;45;56;1;709;42590
1576;22/02/2014;13;15;21;26;30;46;0;88;5886
1577;26/02/2014;11;14;25;32;51;59;1;86;6004
1578;01/03/2014;3;6;30;37;53;56;0;107;6347
1579;05/03/2014;25;34;40;49;51;60;0;23;2180
1580;08/03/2014;1;6;14;17;33;36;2;378;20400
1581;12/03/2014;14;15;25;30;31;34;0;41;4202
1582;15/03/2014;1;4;13;17;38;48;1;125;10807
1583;19/03/2014;2;9;17;18;45;47;0;130;7907
1584;22/03/2014;3;22;27;28;50;54;0;97;7379
1585;26/03/2014;2;43;47;48;49;55;0;103;8235
1586;29/03/2014;8;39;43;46;47;58;0;150;10556
1587;02/04/2014;8;19;21;30;52;56;0;179;12440
1588;05/04/2014;23;29;32;36;45;49;2;353;21216
1589;09/04/2014;4;5;11;19;41;51;0;87;7815
1590;12/04/2014;7;20;34;40;44;55;0;89;8050
1591;16/04/2014;4;10;23;33;38;55;1;278;16180
1592;19/04/2014;31;36;38;41;42;49;0;23;2341
1593;23/04/2014;4;9;17;18;21;38;1;136;8689
1594;26/04/2014;6;7;8;23;43;53;0;71;6341
1595;30/04/2014;2;5;8;42;46;59;2;236;12387
1596;03/05/2014;1;5;7;10;12;45;1;380;16970
1597;07/05/2014;5;10;16;44;50;52;0;57;5638
1598;10/05/2014;29;31;36;42;47;53;0;121;6776
1599;14/05/2014;3;10;15;35;36;58;1;135;8922
1600;17/05/2014;9;23;32;35;46;57;1;110;8443
1601;21/05/2014;8;10;24;45;56;60;0;90;5373
1602;24/05/2014;8;12;22;35;40;44;1;69;6039
1603;28/05/2014;13;20;27;31;53;60;0;64;4652
1604;31/05/2014;2;21;24;27;40;51;0;62;5333
1605;04/06/2014;9;19;21;30;31;42;0;87;6694
1606;07/06/2014;1;15;37;42;46;54;1;101;9327
1607;11/06/2014;7;31;32;41;51;52;0;91;2820
1608;14/06/2014;5;6;17;43;54;59;0;79;5998
1609;18/06/2014;2;6;13;26;53;60;0;140;8573
1610;21/06/2014;1;4;9;35;36;53;0;173;9626
1611;25/06/2014;24;28;47;50;51;58;0;97;6367
1612;28/06/2014;6;13;17;36;42;51;2;261;16822
1613;02/07/2014;4;18;31;44;46;49;0;103;5801
1614;05/07/2014;14;17;21;27;43;49;1;149;7458
1615;09/07/2014;5;20;26;31;33;44;0;71;5701
1616;12/07/2014;28;31;40;42;46;58;0;185;6475
1617;16/07/2014;3;23;26;31;47;54;2;265;13116
1618;19/07/2014;9;20;24;43;51;52;1;32;3161
1619;23/07/2014;5;8;17;42;46;47;0;92;7438
1620;26/07/2014;13;23;27;34;38;57;0;136;9539
1621;30/07/2014;10;22;24;38;39;49;1;81;6823
1622;02/08/2014;4;5;7;21;45;53;0;107;7833
1623;05/08/2014;33;43;49;50;56;59;0;28;1825
1624;07/08/2014;2;27;32;41;47;58;0;76;4576
1625;09/08/2014;11;22;36;40;45;52;0;77;6419
1626;13/08/2014;3;5;14;35;43;52;0;158;12451
1627;16/08/2014;20;26;32;41;45;57;1;130;9306
1628;20/08/2014;26;29;34;38;50;60;0;36;2795
1629;23/08/2014;4;20;24;35;47;59;0;92;5701
1630;27/08/2014;1;7;30;43;44;54;0;81;6412
1631;30/08/2014;4;29;44;47;48;60;0;140;9659
1632;03/09/2014;6;18;24;27;56;59;1;244;16339
1633;06/09/2014;1;2;11;13;36;49;0;99;7430
1634;10/09/2014;9;10;23;33;44;51;1;110;6257
1635;13/09/2014;8;23;28;30;32;51;0;112;6874
1636;17/09/2014;19;26;33;35;51;52;0;90;8474
1637;20/09/2014;1;5;24;47;55;56;0;144;11489
1638;24/09/2014;1;2;38;41;42;58;0;143;9363
1639;27/09/2014;16;29;34;35;49;51;2;228;13321
1640;01/10/2014;2;6;18;23;31;46;2;253;12809
1641;04/10/2014;23;29;30;33;46;51;0;47;4951
1642;08/10/2014;3;23;42;43;47;60;0;53;5355
1643;11/10/2014;16;19;20;28;37;60;0;60;5152
1644;15/10/2014;10;13;16;22;34;60;0;92;8884
1645;18/10/2014;8;18;21;31;37;38;0;137;8400
1646;22/10/2014;19;23;34;40;41;58;0;126;10700
1647;25/10/2014;12;17;23;38;53;54;1;259;20655
1648;29/10/2014;15;16;18;20;22;48;0;98;5545
1649;01/11/2014;24;33;38;42;44;54;0;99;7522
1650;05/11/2014;17;23;29;38;57;60;0;133;10962
1651;08/11/2014;8;27;35;38;41;44;0;145;12024
1652;12/11/2014;7;24;26;28;44;57;0;391;22215
1653;14/11/2014;1;21;22;27;32;45;0;134;12071
1654;19/11/2014;7;16;33;42;50;58;0;249;19592
1655;22/11/2014;7;24;28;46;53;56;2;704;39616
1656;26/11/2014;4;6;11;43;54;56;0;55;5037
1657;29/11/2014;7;10;14;37;45;54;1;170;9969
1658;03/12/2014;7;11;19;23;40;49;1;110;7011
1659;06/12/2014;4;10;20;33;37;49;0;95;6810
1660;10/12/2014;8;17;34;38;42;51;1;218;11526
1661;13/12/2014;13;16;27;43;48;58;0;70;6712
1662;17/12/2014;10;14;25;29;33;57;2;160;8641
1663;20/12/2014;18;20;27;40;49;55;0;28;3524
1664;24/12/2014;8;21;23;29;36;48;1;131;8211
1665;31/12/2014;1;5;11;16;20;56;4;2581;168546
1666;03/01/2015;1;2;23;27;45;51;0;82;5042
1667;07/01/2015;7;12;24;44;51;56;1;143;7934
1668;10/01/2015;5;40;47;52;55;57;0;42;3171
1669;14/01/2015;28;29;31;45;48;49;0;54;3941
1670;17/01/2015;1;17;19;30;33;47;0;132;10142
1671;21/01/2015;21;27;31;45;55;56;0;71;5343
1672;24/01/2015;1;3;5;10;20;42;1;566;28440
1673;28/01/2015;5;10;23;24;35;47;0;97;7613
1674;31/01/2015;22;30;42;50;58;59;0;49;2994
1675;04/02/2015;3;18;34;35;36;56;1;139;10903
1676;07/02/2015;1;2;11;37;48;51;0;46;4406
1677;11/02/2015;10;15;28;33;51;52;2;154;7597
1678;14/02/2015;9;11;17;19;35;52;0;111;6955
1679;18/02/2015;1;2;27;28;46;47;1;35;3289
1680;21/02/2015;23;37;38;46;47;51;1;298;5821
1681;25/02/2015;1;6;8;11;33;50;1;90;6663
1682;28/02/2015;7;13;35;37;39;51;0;201;8761
1683;04/03/2015;4;12;32;33;34;48;1;80;6925
1684;07/03/2015;9;12;18;31;39;50;0;49;4143
1685;11/03/2015;3;18;31;39;46;51;0;134;7584
1686;14/03/2015;9;14;37;44;46;55;3;117;8999
1687;18/03/2015;15;24;37;46;49;58;1;75;4522
1688;21/03/2015;18;23;30;32;42;56;0;47;4355
1689;25/03/2015;2;5;13;27;41;53;2;185;9634
1690;28/03/2015;21;24;26;35;45;53;0;63;5708
1691;01/04/2015;1;10;24;39;45;58;0;145;9387
1692;04/04/2015;11;13;14;27;44;56;0;180;12447
1693;08/04/2015;5;15;18;19;21;38;0;178;13997
1694;11/04/2015;20;29;34;37;45;57;1;348;10854
1695;15/04/2015;24;36;38;43;44;58;0;128;8910
1696;18/04/2015;1;12;17;31;37;46;1;135;9824
1697;22/04/2015;8;23;30;51;53;58;0;62;3593
1698;25/04/2015;11;13;24;28;44;45;0;132;8869
1699;29/04/2015;1;6;10;30;33;38;0;189;9424
1700;02/05/2015;15;18;41;48;50;58;1;65;5380
1701;05/05/2015;3;9;18;32;40;56;1;59;3328
1702;07/05/2015;17;19;33;35;39;52;1;139;5963
1703;09/05/2015;3;23;26;35;39;49;0;75;4451
1704;13/05/2015;1;7;11;32;51;59;0;74;6399
1705;16/05/2015;25;27;29;37;50;51;0;60;6095
1706;20/05/2015;12;31;34;36;48;56;1;136;10756
1707;23/05/2015;7;16;20;27;36;52;0;65;4048
1708;27/05/2015;17;29;32;38;45;50;0;72;4174
1709;30/05/2015;7;19;30;35;42;47;0;102;6499
1710;03/06/2015;7;21;28;56;58;59;0;90;6845
1711;06/06/2015;22;26;38;39;45;50;0;85;6112
1712;10/06/2015;2;12;19;29;50;59;0;169;9443
1713;13/06/2015;3;10;16;23;27;29;2;388;21476
1714;17/06/2015;2;8;24;36;51;52;0;106;5421
1715;20/06/2015;16;20;35;40;53;60;0;58;4649
1716;24/06/2015;2;25;36;41;42;53;1;62;5896
1717;27/06/2015;2;9;16;37;44;58;0;122;4934
1718;01/07/2015;4;30;31;32;47;53;0;49;3197
1719;04/07/2015;1;22;31;34;44;54;0;45;3009
1720;07/07/2015;18;23;31;39;49;57;0;47;3410
1721;09/07/2015;4;12;19;33;36;38;1;188;9668
1722;11/07/2015;9;23;39;41;49;58;0;33;2640
1723;15/07/2015;14;27;30;46;52;60;0;54;3169
1724;18/07/2015;27;33;37;39;58;60;0;53;4281
1725;22/07/2015;16;18;26;30;31;34;0;51;5054
1726;25/07/2015;3;10;42;49;54;57;0;111;7581
1727;29/07/2015;4;6;19;20;40;41;1;122;8814
1728;01/08/2015;3;8;28;39;42;59;0;45;3617
1729;04/08/2015;7;14;23;43;44;53;0;39;2553
1730;06/08/2015;1;10;17;24;42;51;2;195;10089
1731;08/08/2015;5;18;27;43;49;59;0;68;4160
1732;12/08/2015;25;34;38;45;53;60;1;73;3177
1733;15/08/2015;3;5;9;14;41;46;1;63;4818
1734;19/08/2015;12;17;25;29;41;52;0;64;3315
1735;22/08/2015;6;16;33;34;45;46;0;86;4779
1736;26/08/2015;12;13;24;29;32;41;0;105;6581
1737;29/08/2015;5;8;42;50;51;59;0;73;5770
1738;02/09/2015;12;28;37;46;48;53;1;96;6889
1739;05/09/2015;9;10;17;32;34;46;0;51;4020
1740;09/09/2015;10;15;25;38;47;53;0;62;4599
1741;12/09/2015;15;18;20;32;48;49;1;82;6448
1742;16/09/2015;11;19;21;23;27;52;0;83;4483
1743;19/09/2015;4;10;29;31;34;35;0;40;3955
1744;23/09/2015;9;12;14;29;42;56;0;96;5272
1745;26/09/2015;9;13;18;47;52;60;0;128;6976
1746;30/09/2015;6;18;37;40;41;58;0;106;5849
1747;03/10/2015;6;33;34;48;53;59;2;93;8700
1748;07/10/2015;2;10;13;41;49;53;0;76;3731
1749;10/10/2015;3;13;14;29;33;43;0;78;7101
1750;13/10/2015;15;17;20;31;41;48;0;23;1865
1751;15/10/2015;15;22;23;42;51;57;0;47;4580
1752;17/10/2015;9;36;37;53;55;60;0;70;5668
1753;21/10/2015;8;15;29;35;45;54;1;149;8929
1754;24/10/2015;20;27;30;31;40;53;0;22;1958
1755;28/10/2015;2;5;8;18;30;48;0;123;8784
1756;31/10/2015;6;13;14;28;35;45;0;134;10310
1757;04/11/2015;13;25;28;37;43;56;0;311;11196
1758;07/11/2015;6;11;16;23;36;42;0;230;13800
1759;10/11/2015;2;14;21;22;51;60;0;70;5957
1760;13/11/2015;10;24;25;36;47;48;0;206;14689
1761;14/11/2015;9;10;36;50;53;55;0;176;17821
1762;18/11/2015;26;32;42;45;55;59;0;219;18595
1763;21/11/2015;9;12;15;21;31;36;0;689;43184
1764;25/11/2015;6;7;29;39;41;55;1;401;33850
1765;28/11/2015;1;6;28;37;56;58;0;185;9138
1766;02/12/2015;22;23;41;46;53;60;0;70;7088
1767;05/12/2015;16;26;35;39;44;45;0;84;7608
1768;09/12/2015;5;7;11;34;35;50;0;156;12402
1769;12/12/2015;32;37;44;47;54;60;0;105;7782
1770;16/12/2015;11;26;27;30;34;41;0;110;8861
1771;19/12/2015;2;20;27;28;32;38;0;123;10330
1772;22/12/2015;12;19;27;39;41;45;2;244;13112
1773;24/12/2015;15;30;39;41;45;59;0;36;2312
1774;26/12/2015;1;12;20;30;52;60;0;37;2707
1775;31/12/2015;2;18;31;42;51;56;6;827;62767
1776;02/01/2016;10;11;14;19;39;48;0;17;1051
1777;06/01/2016;4;19;38;44;52;55;0;62;3484
1778;09/01/2016;4;10;38;40;45;48;0;37;3457
1779;12/01/2016;12;25;30;39;56;57;0;30;2162
1780;14/01/2016;6;20;22;31;33;34;0;30;3095
1781;16/01/2016;1;8;22;49;52;53;2;54;3941
1782;20/01/2016;6;18;34;47;52;57;0;110;3430
1783;23/01/2016;4;6;16;18;21;38;0;67;4886
1784;27/01/2016;4;15;26;30;54;55;0;32;2896
1785;30/01/2016;5;11;27;41;42;54;0;91;6410
1786;02/02/2016;2;6;8;21;25;34;0;76;5065
1787;04/02/2016;1;5;13;25;26;29;2;167;8897
1788;06/02/2016;3;13;42;45;56;59;0;41;3508
1789;10/02/2016;6;25;43;57;58;59;0;16;1574
1790;13/02/2016;11;13;26;27;28;50;0;72;5672
1791;17/02/2016;12;18;46;50;53;55;0;36;3703
1792;20/02/2016;2;16;17;18;41;47;0;85;6593
1793;24/02/2016;13;14;22;54;56;58;1;80;5158
1794;27/02/2016;1;5;34;37;40;60;1;64;3568
1795;02/03/2016;30;42;47;50;55;58;0;48;2549
1796;05/03/2016;22;23;34;48;53;54;1;48;4783
1797;08/03/2016;2;13;14;35;54;57;0;32;2516
1798;10/03/2016;2;9;23;28;45;53;0;88;4315
1799;12/03/2016;1;3;4;39;51;53;0;39;3102
1800;16/03/2016;6;11;16;19;31;56;1;96;5710
1801;19/03/2016;6;19;34;43;45;54;0;82;3265
1802;23/03/2016;2;6;13;14;17;44;0;99;6229
1803;26/03/2016;4;8;29;38;49;50;0;35;2641
1804;30/03/2016;20;21;28;48;50;59;0;23;2088
1805;02/04/2016;17;22;27;31;49;57;0;53;4693
1806;06/04/2016;11;20;35;42;55;58;0;86;5047
1807;09/04/2016;1;15;16;22;25;43;0;94;7609
1808;13/04/2016;2;14;20;25;41;45;0;141;9208
1809;16/04/2016;9;12;23;24;46;54;0;188;13704
1810;20/04/2016;1;10;25;43;50;56;1;266;14324
1811;23/04/2016;5;17;32;35;37;57;0;82;4309
1812;27/04/2016;20;23;32;34;37;45;0;43;2976
1813;30/04/2016;9;11;13;15;19;51;0;209;9346
1814;03/05/2016;9;11;27;46;51;53;0;51;3473
1815;05/05/2016;8;11;25;39;41;60;3;84;4553
1816;07/05/2016;5;10;12;22;28;46;0;112;6085
1817;11/05/2016;1;4;26;39;47;55;0;49;3620
1818;14/05/2016;2;6;10;15;53;56;0;98;6394
1819;18/05/2016;17;18;26;30;33;37;0;30;4092
1820;21/05/2016;3;19;23;27;40;45;0;182;9333
1821;25/05/2016;19;22;31;36;52;53;2;84;6145
1822;28/05/2016;1;22;26;43;50;53;0;23;1885
1823;01/06/2016;4;9;21;34;54;59;0;70;4110
1824;04/06/2016;5;6;12;19;30;60;0;157;8192
1825;07/06/2016;10;11;21;50;51;54;1;41;3176
1826;09/06/2016;17;19;32;43;48;51;0;42;2476
1827;11/06/2016;26;33;42;43;53;54;0;44;2487
1828;15/06/2016;6;11;32;40;48;59;0;36;2502
1829;18/06/2016;7;13;24;30;32;53;0;103;6254
1830;22/06/2016;3;7;29;37;54;60;1;100;6640
1831;25/06/2016;15;27;28;32;48;55;1;71;3168
1832;29/06/2016;14;34;46;47;56;57;0;31;1786
1833;02/07/2016;2;3;7;16;27;42;0;105;6930
1834;06/07/2016;2;17;22;24;48;51;1;100;5132
1835;09/07/2016;8;28;36;47;50;58;0;41;3133
1836;12/07/2016;8;15;18;45;59;60;0;46;2948
1837;14/07/2016;41;44;48;50;54;57;0;32;2346
1838;16/07/2016;5;8;24;30;57;59;1;115;5293
1839;20/07/2016;7;22;28;32;56;58;0;30;2933
1840;23/07/2016;15;17;33;41;47;48;0;59;4879
1841;27/07/2016;3;6;13;38;49;51;0;81;6170
1842;30/07/2016;16;18;22;24;34;43;1;100;6722
1843;03/08/2016;8;26;28;33;41;54;1;51;3046
1844;06/08/2016;3;4;37;39;48;50;0;21;2121
1845;09/08/2016;3;9;13;29;30;51;0;75;4312
1846;11/08/2016;6;24;26;30;34;49;0;49;3189
1847;13/08/2016;1;6;45;49;50;57;0;44;3678
1848;17/08/2016;9;40;41;50;55;58;0;46;3330
1849;20/08/2016;3;5;11;27;35;44;0;194;11341
1850;24/08/2016;23;24;32;38;40;41;1;81;5935
1851;27/08/2016;8;18;21;22;35;37;0;40;3146
1852;31/08/2016;13;17;29;45;49;50;0;83;4187
1853;03/09/2016;1;2;34;39;41;45;1;28;2780
1854;08/09/2016;25;30;31;34;43;59;0;18;1548
1855;10/09/2016;6;10;15;24;38;39;0;55;4074
1856;14/09/2016;2;9;14;22;32;37;0;122;7199
1857;17/09/2016;13;23;25;35;52;53;0;198;5600
1858;20/09/2016;22;28;30;33;55;59;0;53;3799
1859;22/09/2016;1;13;14;21;26;51;0;88;6049
1860;24/09/2016;10;30;36;40;44;60;1;109;11392
1861;28/09/2016;2;4;9;35;45;60;0;41;3181
1862;01/10/2016;2;8;35;42;49;56;2;99;4549
1863;05/10/2016;16;23;45;56;58;59;0;31;2542
1864;08/10/2016;4;5;14;37;40;60;0;43;3530
1865;13/10/2016;1;5;31;32;37;42;0;38;3936
1866;15/10/2016;14;17;36;38;44;60;0;129;6185
1867;18/10/2016;3;10;17;21;22;43;0;96;6158
1868;20/10/2016;1;5;23;25;28;31;0;181;7846
1869;22/10/2016;11;23;24;26;40;52;0;66;4827
1870;26/10/2016;18;20;30;32;33;40;0;98;7040
1871;29/10/2016;3;11;17;33;52;58;1;275;15560
1872;03/11/2016;11;13;25;39;46;56;0;25;2790
1873;05/11/2016;5;25;28;41;53;54;0;27;3152
1874;08/11/2016;10;28;37;43;44;47;0;16;1933
1875;10/11/2016;1;45;47;52;53;55;1;45;2828
1876;12/11/2016;7;18;39;41;44;51;0;23;2308
1877;16/11/2016;13;16;23;24;32;35;0;90;4306
1878;19/11/2016;12;16;26;40;56;57;0;36;2981
1879;23/11/2016;5;10;20;57;58;59;1;103;4610
1880;26/11/2016;5;16;19;37;51;56;0;65;5045
1881;30/11/2016;3;10;30;44;53;56;1;44;4024
1882;03/12/2016;9;10;19;35;37;41;0;25;3054
1883;07/12/2016;16;27;28;47;59;60;0;30;2896
1884;10/12/2016;1;4;23;32;38;59;0;47;3839
1885;14/12/2016;7;14;18;23;32;59;0;88;6170
1886;17/12/2016;3;7;15;40;45;54;0;72;6962
1887;20/12/2016;11;23;34;41;46;56;0;54;3496
1888;22/12/2016;1;10;17;18;45;48;2;113;7195
1889;24/12/2016;16;23;25;28;30;44;0;49;3138
1890;31/12/2016;5;11;22;24;51;53;6;1665;124889
1891;04/01/2017;1;3;19;23;47;58;0;46;3488
1892;07/01/2017;6;17;22;30;37;50;0;31;2623
1893;11/01/2017;16;17;19;28;45;58;0;44;3162
1894;14/01/2017;21;31;35;53;54;57;0;37;2761
1895;18/01/2017;2;3;5;10;15;34;0;175;10199
1896;21/01/2017;3;6;14;15;21;25;1;133;7692
1897;25/01/2017;9;22;25;47;52;58;0;46;2873
1898;28/01/2017;12;34;45;53;55;58;0;32;2722
1899;01/02/2017;20;23;35;36;44;48;0;39;3023
1900;04/02/2017;8;11;27;28;43;46;0;87;5573
1901;08/02/2017;11;12;26;30;37;53;0;60;4645
1902;11/02/2017;2;7;9;18;21;25;3;367;13764
1903;15/02/2017;9;10;15;28;43;45;0;41;3205
1904;18/02/2017;12;15;18;21;51;56;0;82;4003
1905;21/02/2017;29;35;43;54;56;57;0;22;2351
1906;23/02/2017;6;27;33;39;40;60;0;54;3833
1907;25/02/2017;3;25;35;38;44;48;0;55;4353
1908;01/03/2017;4;10;13;23;27;57;0;95;5839
1909;04/03/2017;11;40;43;45;47;57;0;27;4423
1910;08/03/2017;6;9;15;22;39;48;1;219;10816
1911;11/03/2017;16;18;23;30;32;33;0;42;2817
1912;15/03/2017;10;13;33;35;36;42;1;43;4556
1913;18/03/2017;4;14;17;43;52;56;0;43;2960
1914;22/03/2017;16;29;33;39;42;44;1;27;2403
1915;25/03/2017;2;20;21;33;48;57;0;39;3429
1916;29/03/2017;3;9;18;23;50;52;0;100;5478
1917;01/04/2017;4;21;25;33;36;46;0;70;5412
1918;05/04/2017;16;17;20;22;38;50;0;67;5269
1919;08/04/2017;11;28;37;45;54;60;0;67;5858
1920;12/04/2017;25;31;33;39;43;45;0;90;6586
1921;15/04/2017;10;15;16;19;28;35;0;127;9277
1922;19/04/2017;20;22;36;38;41;43;0;124;8817
1923;22/04/2017;9;34;42;45;46;59;0;110;9351
1924;26/04/2017;12;16;30;52;53;58;1;188;11382
1925;29/04/2017;1;17;38;43;45;47;0;50;5258
1926;03/05/2017;2;3;14;20;30;46;1;95;6741
1927;06/05/2017;5;11;13;19;30;31;1;140;7385
1928;09/05/2017;10;26;28;51;53;59;0;28;1630
1929;11/05/2017;3;10;23;36;43;52;0;45;3225
1930;13/05/2017;4;17;18;37;52;56;0;50;4712
1931;17/05/2017;2;8;9;15;22;34;0;131;8918
1932;20/05/2017;10;16;21;29;44;55;0;72;5449
1933;24/05/2017;2;14;15;19;35;59;0;86;6417
1934;27/05/2017;8;23;35;39;56;59;0;105;6699
1935;31/05/2017;1;3;10;17;23;24;3;497;18964
1936;03/06/2017;3;12;24;40;51;52;0;43;2686
1937;07/06/2017;6;10;24;29;43;55;1;71;4055
1938;10/06/2017;10;16;32;40;42;54;0;24;2220
1939;14/06/2017;7;24;29;39;45;52;0;59;3620
1940;17/06/2017;9;13;16;17;36;47;0;95;6468
1941;21/06/2017;1;9;24;38;48;49;1;63;4313
1942;24/06/2017;6;18;20;24;43;48;0;56;4126
1943;28/06/2017;9;11;12;30;39;43;0;23;2870
1944;01/07/2017;8;9;39;47;57;59;0;41;2879
1945;04/07/2017;4;8;10;21;45;54;0;50;4258
1946;06/07/2017;4;6;39;44;52;60;0;40;3729
1947;08/07/2017;8;33;40;52;55;59;0;63;4250
1948;12/07/2017;12;20;24;28;33;57;0;100;7199
1949;15/07/2017;1;6;14;22;30;56;0;130;8455
1950;19/07/2017;10;21;32;34;48;57;0;88;7215
1951;22/07/2017;14;16;19;21;33;55;0;209;13551
1952;26/07/2017;9;21;36;38;52;53;0;180;13017
1953;29/07/2017;9;26;29;42;43;45;1;237;16988
1954;02/08/2017;9;25;33;35;40;49;0;32;2483
1955;05/08/2017;15;27;33;36;41;45;0;147;7391
1956;08/08/2017;5;8;20;28;40;45;0;74;5000
1957;10/08/2017;2;14;22;23;29;47;1;98;8329
1958;12/08/2017;15;20;22;24;34;55;0;32;2670
1959;16/08/2017;8;21;27;35;43;56;0;94;4639
1960;19/08/2017;1;18;25;37;39;43;0;116;6655
1961;23/08/2017;17;25;26;30;32;50;0;55;4505
1962;26/08/2017;5;6;15;25;39;53;0;86;6431
1963;30/08/2017;4;5;7;34;42;60;0;80;6686
1964;02/09/2017;2;27;32;36;48;50;0;119;7880
1965;06/09/2017;26;28;35;38;48;55;1;98;6377
1966;09/09/2017;10;13;19;32;40;60;0;29;2758
1967;13/09/2017;13;30;32;39;46;54;0;43;3175
1968;16/09/2017;35;36;39;44;48;52;0;48;3782
1969;19/09/2017;8;20;30;32;48;59;0;20;1999
1970;21/09/2017;5;10;18;24;39;52;0;87;6153
1971;23/09/2017;4;10;41;44;52;54;0;39;4001
1972;27/09/2017;9;16;20;54;57;59;0;85;5317
1973;30/09/2017;1;12;16;17;52;60;0;110;7294
1974;04/10/2017;4;19;27;38;54;57;1;141;8994
1975;07/10/2017;8;11;24;26;47;57;1;76;5845
1976;11/10/2017;12;14;19;25;52;59;0;62;3551
1977;14/10/2017;3;16;28;32;34;37;1;91;4723
1978;17/10/2017;2;6;22;44;55;57;0;29;2089
1979;19/10/2017;22;23;29;32;38;45;1;32;2677
1980;21/10/2017;12;16;17;18;34;37;0;77;4689
1981;25/10/2017;6;15;19;37;39;53;0;85;5215
1982;28/10/2017;4;14;20;24;46;50;1;45;4144
1983;01/11/2017;5;6;10;14;22;36;1;73;4884
1984;04/11/2017;21;29;32;35;43;50;0;13;1743
1985;07/11/2017;9;28;29;34;36;55;0;36;2503
1986;09/11/2017;23;36;43;44;55;56;0;41;3164
1987;11/11/2017;10;14;31;34;45;58;0;59;3920
1988;16/11/2017;5;10;39;42;46;54;0;87;5711
1989;18/11/2017;15;22;30;32;40;58;0;47;3280
1990;22/11/2017;11;24;26;34;37;59;0;78;5852
1991;25/11/2017;19;20;28;34;36;44;0;80;6152
1992;29/11/2017;5;11;13;21;53;54;2;142;11405
1993;02/12/2017;6;17;33;48;50;57;0;39;3063
1994;06/12/2017;2;5;12;32;40;44;0;51;3686
1995;09/12/2017;14;26;29;35;37;39;0;66;4840
1996;13/12/2017;7;20;21;24;40;56;0;144;4933
1997;16/12/2017;1;7;14;31;35;46;0;86;6280
1998;19/12/2017;8;21;24;25;52;57;0;61;4810
1999;21/12/2017;15;37;38;42;49;50;0;73;4434
2000;31/12/2017;3;6;10;17;34;37;17;4862;173428
2001;03/01/2018;20;22;36;42;52;60;0;12;1214
2002;06/01/2018;4;28;30;38;46;59;0;24;2214
2003;10/01/2018;28;34;40;43;50;51;0;16;1865
2004;13/01/2018;1;5;14;23;35;45;3;79;6444
2005;17/01/2018;11;19;22;33;34;53;0;44;4052
2006;20/01/2018;1;9;14;20;25;54;0;71;5500
2007;24/01/2018;4;14;39;41;54;58;0;42;3340
2008;27/01/2018;22;27;33;42;58;59;0;49;4215
2009;31/01/2018;1;37;44;46;48;50;0;46;3665
2010;03/02/2018;8;10;18;34;39;56;0;106;7436
2011;06/02/2018;2;28;32;35;54;58;0;119;5949
2012;08/02/2018;8;11;27;35;36;51;0;107;6828
2013;10/02/2018;6;23;30;36;53;56;0;159;8465
2014;14/02/2018;16;32;40;46;53;56;0;46;4140
2015;17/02/2018;17;18;27;32;39;58;1;130;12558
2016;21/02/2018;4;11;17;18;21;48;0;64;4543
2017;24/02/2018;2;10;11;24;38;56;0;123;6125
2018;28/02/2018;11;22;25;27;55;59;0;83;4661
2019;03/03/2018;23;41;46;52;54;59;0;54;4043
2020;07/03/2018;2;36;46;48;57;60;0;46;4530
2021;10/03/2018;7;14;32;37;40;60;0;101;6982
2022;14/03/2018;4;28;45;48;52;60;0;79;6343
2023;17/03/2018;1;6;7;8;23;56;2;217;13622
2024;21/03/2018;16;20;23;29;35;47;0;45;3221
2025;24/03/2018;4;24;46;52;55;56;0;53;3730
2026;28/03/2018;10;23;31;33;51;52;0;105;6365
2027;31/03/2018;11;15;29;37;39;44;0;76;4916
2028;04/04/2018;7;11;24;36;42;58;4;261;9867
2029;07/04/2018;6;15;18;33;37;40;0;78;4398
2030;11/04/2018;4;27;38;40;58;59;1;63;4017
2031;14/04/2018;18;23;37;39;50;55;0;48;3252
2032;17/04/2018;6;14;19;20;39;53;0;27;2075
2033;20/04/2018;10;18;33;38;40;43;1;27;3644
2034;25/04/2018;6;7;13;17;22;56;1;89;5597
2035;28/04/2018;30;35;36;38;49;52;0;37;2668
2036;02/05/2018;7;8;19;23;27;58;0;91;6675
2037;05/05/2018;14;16;23;30;45;60;0;48;4609
2038;08/05/2018;6;25;26;35;38;40;0;28;2768
2039;10/05/2018;6;12;22;28;31;44;0;91;6415
2040;12/05/2018;6;9;41;54;56;58;0;67;5680
2041;16/05/2018;10;12;22;25;42;54;1;120;9310
2042;19/05/2018;14;22;29;32;33;35;0;47;3018
2043;23/05/2018;21;38;53;56;57;58;0;19;2258
2044;26/05/2018;7;14;47;54;56;60;0;49;3612
2045;30/05/2018;15;25;27;45;46;50;1;70;3921
2046;02/06/2018;3;6;11;27;28;46;0;80;4630
2047;06/06/2018;1;18;19;29;44;54;0;30;2390
2048;09/06/2018;10;19;26;35;38;39;0;36;3611
2049;13/06/2018;10;19;27;31;51;53;0;49;4216
2050;16/06/2018;8;31;32;33;38;50;0;34;3540
2051;20/06/2018;1;5;6;37;44;53;0;46;5251
2052;23/06/2018;50;51;56;57;58;59;4;152;4816
2053;27/06/2018;12;22;27;37;40;55;0;17;1582
2054;30/06/2018;4;7;12;22;26;39;0;80;5237
2055;03/07/2018;6;25;35;43;46;53;0;41;2209
2056;05/07/2018;18;22;29;34;36;47;0;80;4927
2057;07/07/2018;10;13;20;37;38;54;0;42;4086
2058;11/07/2018;4;19;23;29;56;59;0;81;5435
2059;14/07/2018;4;5;36;40;44;56;0;77;5562
2060;18/07/2018;8;9;11;25;39;41;0;186;8570
2061;21/07/2018;33;36;40;44;45;54;0;93;6899
2062;25/07/2018;8;10;15;23;25;34;1;192;13804
2063;28/07/2018;6;10;19;24;25;29;0;94;5511
2064;01/08/2018;10;14;36;53;55;60;0;68;3311
2065;04/08/2018;4;11;20;30;37;43;0;74;4900
2066;08/08/2018;6;25;27;35;45;55;1;104;7345
2067;11/08/2018;2;11;13;26;32;59;0;57;3828
2068;14/08/2018;3;5;9;40;42;47;0;46;2466
2069;16/08/2018;3;17;34;35;40;48;0;48;3638
2070;18/08/2018;5;26;27;34;42;48;0;84;5654
2071;22/08/2018;24;33;34;35;46;60;0;33;3760
2072;25/08/2018;10;12;13;20;22;54;0;135;8860
2073;29/08/2018;12;15;18;30;52;55;0;80;5335
2074;01/09/2018;8;18;23;37;42;58;2;172;8812
2075;05/09/2018;7;9;23;33;57;59;0;98;5737
2076;08/09/2018;5;6;12;15;22;43;0;86;5364
2077;12/09/2018;13;16;26;35;37;39;1;117;6080
2078;15/09/2018;2;11;15;30;36;39;0;26;2715
2079;18/09/2018;1;2;14;37;55;58;0;23;1681
2080;20/09/2018;10;22;40;46;55;58;0;38;2892
2081;22/09/2018;13;18;35;40;41;42;1;128;4287
2082;26/09/2018;6;25;33;42;48;49;1;32;2640
2083;29/09/2018;1;18;19;33;56;60;0;80;3935
2084;03/10/2018;7;20;26;37;38;39;0;48;2667
2085;06/10/2018;12;21;25;37;38;49;0;64;4786
2086;10/10/2018;4;35;43;46;47;53;0;33;4355
2087;13/10/2018;2;18;19;23;34;53;1;52;4898
2088;17/10/2018;3;14;24;27;38;56;1;56;3262
2089;20/10/2018;5;10;32;38;48;49;0;29;2665
2090;23/10/2018;8;11;18;37;40;51;0;43;2659
2091;25/10/2018;10;11;12;37;38;59;1;75;3855
2092;27/10/2018;11;13;15;17;22;27;0;175;6609
2093;31/10/2018;8;14;27;34;52;54;0;46;3177
2094;03/11/2018;4;16;19;31;33;44;0;66;4528
2095;07/11/2018;16;29;35;43;49;56;0;78;4637
2096;10/11/2018;6;11;13;19;24;51;0;185;10842
2097;14/11/2018;9;24;28;45;49;51;0;113;6422
2098;17/11/2018;2;8;18;27;38;60;0;85;6551
2099;21/11/2018;5;15;20;27;30;58;0;97;7549
2100;24/11/2018;1;10;11;13;35;49;1;266;15540
2101;28/11/2018;2;8;18;37;56;58;0;61;3852
2102;01/12/2018;4;6;17;34;51;57;0;77;4557
2103;04/12/2018;3;13;40;44;46;50;0;40;2226
2104;06/12/2018;2;10;12;27;45;56;0;79;5762
2105;08/12/2018;11;13;16;24;31;46;0;106;6029
2106;12/12/2018;3;27;36;39;40;43;0;82;5610
2107;15/12/2018;8;38;44;50;56;60;0;72;5454
2108;18/12/2018;19;22;29;41;44;59;0;58;4051
2109;20/12/2018;4;12;16;34;44;49;0;125;7480
2110;31/12/2018;5;10;12;18;25;33;52;7688;303857
2111;02/01/2019;1;41;44;46;54;58;0;4;689
2112;05/01/2019;17;39;43;46;52;53;0;34;2547
2113;09/01/2019;11;14;21;25;46;50;0;30;2752
2114;12/01/2019;17;25;30;35;42;57;0;70;4376
2115;15/01/2019;4;19;27;35;40;44;0;75;4470
2116;17/01/2019;1;9;19;21;34;54;0;91;5468
2117;19/01/2019;4;28;29;30;43;52;0;44;4036
2118;23/01/2019;11;12;20;40;41;46;1;58;4135
2119;26/01/2019;19;21;26;31;42;49;0;46;2569
2120;30/01/2019;13;20;24;25;38;41;0;61;3897
2121;02/02/2019;8;10;17;29;37;40;1;82;5493
2122;06/02/2019;3;11;15;21;27;49;0;92;4938
2123;09/02/2019;14;15;47;50;56;59;0;28;2301
2124;13/02/2019;2;11;20;31;43;47;0;41;3660
2125;16/02/2019;1;31;44;46;53;58;0;55;4090
2126;20/02/2019;7;12;24;27;39;58;0;130;8139
2127;23/02/2019;1;7;28;30;44;46;0;76;6182
2128;26/02/2019;11;16;24;46;54;55;0;47;4353
2129;28/02/2019;6;12;31;32;46;60;0;50;5113
2130;02/03/2019;13;16;36;53;54;55;0;101;7900
2131;06/03/2019;2;3;6;18;20;28;1;414;16733
2132;09/03/2019;5;18;30;35;39;60;0;41;2912
2133;13/03/2019;19;20;26;51;52;57;0;32;2790
2134;16/03/2019;6;21;34;46;54;59;0;60;4157
2135;20/03/2019;9;23;28;40;48;59;1;50;4546
2136;23/03/2019;1;8;11;22;30;35;0;63;4209
2137;27/03/2019;1;2;11;12;34;49;0;45;4488
2138;30/03/2019;4;13;14;21;30;34;0;59;4532
2139;03/04/2019;14;23;29;41;57;58;0;65;3441
2140;06/04/2019;17;20;26;36;42;54;0;66;5044
2141;10/04/2019;10;11;17;19;37;41;0;117;8868
2142;13/04/2019;7;40;44;50;52;57;0;65;5028
2143;17/04/2019;2;12;35;51;57;58;0;81;6545
2144;20/04/2019;7;16;21;33;55;60;0;188;10251
2145;24/04/2019;6;8;28;51;53;59;0;115;10504
2146;27/04/2019;16;18;31;39;42;44;0;283;15338
2147;02/05/2019;17;19;37;41;42;49;0;366;28045
2148;04/05/2019;8;15;32;33;58;59;0;296;21684
2149;08/05/2019;21;23;37;44;46;48;0;496;32880
2150;11/05/2019;23;24;26;38;42;49;1;838;56994
2151;15/05/2019;2;14;18;29;36;38;0;80;5236
2152;18/05/2019;26;29;36;49;50;59;0;28;2420
2153;22/05/2019;8;13;28;31;32;33;1;127;6356
2154;25/05/2019;7;25;41;47;50;53;0;36;2951
2155;29/05/2019;2;6;27;37;44;47;0;91;6630
2156;01/06/2019;1;6;23;26;39;49;0;91;7556
2157;05/06/2019;31;33;34;35;39;48;0;188;8779
2158;08/06/2019;9;27;35;45;46;59;0;109;8855
2159;12/06/2019;14;26;35;38;45;53;0;170;9781
2160;15/06/2019;1;19;46;47;49;53;0;116;9486
2161;19/06/2019;8;9;10;24;42;44;1;255;15769
2162;22/06/2019;11;16;22;30;34;42;0;35;2763
2163;26/06/2019;8;18;20;24;36;45;0;75;4758
2164;29/06/2019;16;17;25;47;48;58;0;51;3431
2165;03/07/2019;5;37;43;49;54;56;1;113;8189
2166;06/07/2019;3;19;34;44;56;58;0;44;3749
2167;09/07/2019;27;37;38;43;45;54;0;37;1971
2168;11/07/2019;1;4;25;27;29;37;1;66;4054
2169;13/07/2019;7;34;45;51;54;59;0;18;2145
2170;17/07/2019;10;21;24;36;38;51;0;79;4697
2171;20/07/2019;12;13;19;36;44;55;1;118;7127
2172;24/07/2019;9;24;28;37;43;57;0;73;3356
2173;27/07/2019;2;9;42;44;48;50;0;51;3884
2174;31/07/2019;10;15;34;36;56;60;0;52;3892
2175;03/08/2019;7;25;32;43;53;55;0;73;5485
2176;06/08/2019;8;23;25;39;43;44;1;61;4688
2177;08/08/2019;9;11;14;31;48;51;0;49;2338
2178;10/08/2019;2;16;21;42;50;56;0;25;2304
2179;14/08/2019;2;13;24;35;50;54;0;55;4563
2180;17/08/2019;10;12;16;21;28;38;0;95;6869
2181;21/08/2019;1;8;19;33;36;48;0;138;8329
2182;24/08/2019;19;22;39;46;47;59;0;66;5179
2183;28/08/2019;13;26;30;34;43;51;0;74;6087
2184;31/08/2019;15;36;45;51;52;59;0;64;5158
2185;04/09/2019;9;18;19;22;42;47;0;115;9835
2186;09/09/2019;12;18;19;27;41;46;0;131;11409
2187;11/09/2019;10;11;16;21;46;50;0;124;10072
2188;14/09/2019;2;17;21;28;51;60;0;154;13387
2189;18/09/2019;4;11;16;22;29;33;1;406;24366
2190;21/09/2019;5;9;20;25;35;53;0;94;6835
2191;24/09/2019;4;8;26;33;46;53;1;104;5272
2192;26/09/2019;7;16;37;53;57;59;0;38;2635
2193;28/09/2019;7;8;22;27;29;42;1;55;4664
2194;02/10/2019;8;16;20;21;31;34;0;38;2925
2195;05/10/2019;14;24;32;38;46;53;0;107;6144
2196;09/10/2019;1;25;27;28;41;56;0;58;4166
2197;14/10/2019;3;11;29;35;44;57;0;150;7727
2198;16/10/2019;1;11;34;36;44;56;1;47;4402
2199;19/10/2019;15;23;30;35;38;44;0;29;3056
2200;22/10/2019;11;15;28;36;43;55;0;52;3371
2201;24/10/2019;3;13;23;41;49;53;0;60;5425
2202;26/10/2019;11;29;37;38;43;60;0;48;3717
2203;30/10/2019;17;34;46;49;50;57;0;57;4811
2204;04/11/2019;1;28;29;32;35;56;0;76;5847
2205;06/11/2019;12;21;28;37;42;57;1;112;6318
2206;09/11/2019;6;27;38;42;45;57;0;51;3495
2207;13/11/2019;6;10;11;43;53;55;0;39;2736
2208;16/11/2019;16;25;30;40;45;49;0;17;1708
2209;20/11/2019;22;25;28;32;33;47;0;49;3746
2210;23/11/2019;11;17;24;25;33;34;0;81;5910
2211;27/11/2019;27;36;40;41;44;54;0;52;3681
2212;30/11/2019;23;26;51;52;53;58;0;61;5215
2213;04/12/2019;5;7;10;32;46;60;1;96;7360
2214;07/12/2019;4;10;18;30;34;47;0;44;3223
2215;11/12/2019;1;19;21;23;33;43;0;48;4092
2216;14/12/2019;10;24;42;43;48;49;0;49;4361
2217;17/12/2019;10;14;16;30;32;36;0;51;3258
2218;19/12/2019;6;16;22;38;48;52;1;42;3345
2219;21/12/2019;8;28;36;45;57;59;0;26;2235
2220;31/12/2019;3;35;38;40;57;58;4;1031;77055
2221;04/01/2020;5;23;34;45;56;57;0;101;3669
2222;08/01/2020;13;14;29;30;48;59;0;29;1969
2223;11/01/2020;2;26;40;42;49;56;0;45;2702
2224;15/01/2020;16;23;32;50;52;58;0;28;2283
2225;18/01/2020;1;32;37;44;46;47;0;34;3100
2226;21/01/2020;2;4;7;16;30;38;0;43;3798
2227;23/01/2020;6;9;12;27;32;57;0;92;5732
2228;25/01/2020;9;19;23;32;39;45;0;85;5562
2229;29/01/2020;6;11;29;40;41;58;0;64;4315
2230;01/02/2020;7;17;26;39;56;60;0;75;6440
2231;05/02/2020;4;13;25;40;53;57;0;127;8326
2232;08/02/2020;7;8;31;34;38;47;0;111;8685
2233;12/02/2020;4;6;32;35;41;45;0;89;8107
2234;15/02/2020;4;21;27;29;42;47;0;216;13800
2235;19/02/2020;14;18;30;35;55;57;0;133;11895
2236;22/02/2020;7;20;38;43;45;53;0;190;14982
2237;27/02/2020;11;20;27;28;53;60;2;263;15054
2238;29/02/2020;11;36;45;55;57;58;0;14;1679
2239;04/03/2020;7;27;31;39;45;46;0;29;3057
2240;07/03/2020;7;9;10;19;25;58;2;143;10345
2241;10/03/2020;1;13;18;26;40;56;0;33;1575
2242;12/03/2020;5;9;18;24;25;42;0;89;4514
2243;14/03/2020;14;18;28;35;38;54;0;45;3079
2244;18/03/2020;3;5;11;34;37;42;1;77;4706
2245;21/03/2020;11;14;15;18;33;34;1;51;3048
2246;25/03/2020;5;9;24;27;33;46;0;51;2227
2247;28/03/2020;1;42;44;47;48;53;0;10;908
2248;01/04/2020;9;15;20;29;30;42;1;29;1618
2249;04/04/2020;4;9;31;47;49;53;0;27;1782
2250;08/04/2020;27;33;39;52;57;58;0;27;2385
2251;11/04/2020;5;15;22;26;54;58;0;29;2222
2252;15/04/2020;1;17;30;37;46;50;0;20;1723
2253;18/04/2020;31;32;33;39;52;55;0;26;2224
2254;22/04/2020;4;9;24;44;47;56;0;55;3561
2255;25/04/2020;15;20;39;41;49;57;0;25;2144
2256;29/04/2020;9;10;30;37;47;54;0;45;3334
2257;02/05/2020;18;21;30;31;34;51;0;32;2791
2258;05/05/2020;1;5;7;14;23;26;0;113;6772
2259;07/05/2020;20;27;41;54;56;58;0;31;3356
2260;09/05/2020;12;14;34;35;37;47;0;91;6688
2261;13/05/2020;7;23;26;27;29;51;0;141;10502
2262;16/05/2020;7;8;14;23;30;46;1;198;12850
2263;20/05/2020;9;24;33;43;49;57;0;36;2492
2264;23/05/2020;2;3;8;19;29;37;0;73;4354
2265;27/05/2020;14;20;23;39;46;50;0;50;2926
2266;30/05/2020;10;23;31;37;58;59;0;50;4167
2267;03/06/2020;20;32;33;48;49;53;1;33;4064
2268;06/06/2020;4;13;23;28;30;52;0;48;2953
2269;10/06/2020;1;11;14;23;29;55;0;47;3225
2270;13/06/2020;14;16;38;39;41;48;0;53;2707
2271;17/06/2020;6;10;27;28;41;52;0;50;4150
2272;20/06/2020;2;5;11;24;41;49;0;71;5667
2273;24/06/2020;15;16;20;38;40;58;1;48;3830
2274;27/06/2020;8;11;17;33;40;55;0;62;2996
2275;01/07/2020;2;4;25;36;50;53;0;51;3212
2276;04/07/2020;5;15;18;27;49;57;0;75;5403
2277;08/07/2020;10;22;23;37;53;60;0;89;5597
2278;11/07/2020;8;17;34;37;43;45;0;98;6533
2279;14/07/2020;5;12;14;20;27;28;1;120;6212
2280;16/07/2020;28;29;31;50;58;59;0;20;1639
2281;18/07/2020;14;27;35;40;50;55;0;43;2462
2282;22/07/2020;12;27;30;36;45;52;1;44;3467
2283;25/07/2020;4;24;37;43;59;60;0;41;2615
2284;29/07/2020;4;10;12;14;36;46;0;43;3278
2285;01/08/2020;1;7;10;12;33;42;2;160;7967
2286;05/08/2020;9;21;30;41;42;43;0;28;1649
2287;08/08/2020;2;4;6;29;41;56;0;45;3261
2288;11/08/2020;2;26;35;39;40;56;0;16;1545
2289;13/08/2020;6;9;34;37;38;45;0;33;2808
2290;15/08/2020;5;18;36;44;57;60;0;96;4532
2291;19/08/2020;12;26;31;36;37;49;0;37;3269
2292;22/08/2020;6;16;18;33;42;57;0;94;5865
2293;26/08/2020;1;2;10;37;42;48;0;69;5498
2294;29/08/2020;9;15;20;33;41;43;0;49;5779
2295;02/09/2020;6;13;26;28;35;41;0;162;9693
2296;05/09/2020;1;6;21;29;36;59;2;166;8642
2297;09/09/2020;20;22;35;40;41;59;0;14;1200
2298;12/09/2020;13;17;21;31;41;49;0;46;3133
2299;15/09/2020;2;3;19;40;44;60;0;22;1903
2300;17/09/2020;9;21;37;39;43;54;0;76;3877
2301;19/09/2020;17;18;35;36;47;52;0;66;4333
2302;23/09/2020;18;22;25;27;43;44;0;126;6684
2303;26/09/2020;3;7;17;20;48;50;0;145;8431
2304;30/09/2020;12;21;29;54;56;57;0;90;5934
2305;03/10/2020;7;16;22;38;55;57;0;124;9225
2306;07/10/2020;3;19;28;33;57;58;1;258;15713
2307;10/10/2020;16;33;38;46;53;55;0;45;2828
2308;14/10/2020;9;13;26;38;58;60;1;57;3408
2309;17/10/2020;9;11;29;30;33;60;0;38;3092
2310;20/10/2020;13;17;28;29;42;53;0;52;3573
2311;22/10/2020;3;5;9;35;43;60;0;58;5162
2312;24/10/2020;3;27;39;46;47;60;0;43;3773
2313;28/10/2020;3;20;26;45;49;58;0;66;5055
2314;31/10/2020;6;7;28;42;45;49;1;105;7551
2315;04/11/2020;1;10;17;26;30;53;0;55;3898
2316;07/11/2020;2;11;43;49;52;56;0;56;3984
2317;11/11/2020;3;8;30;33;35;48;0;132;7472
2318;14/11/2020;28;44;52;54;58;60;0;59;5014
2319;18/11/2020;6;17;25;35;40;49;0;51;5009
2320;21/11/2020;6;30;35;39;42;48;1;92;6334
2321;25/11/2020;14;25;28;41;43;46;1;40;2494
2322;28/11/2020;2;5;10;29;34;41;0;65;3753
2323;02/12/2020;20;27;35;39;50;59;0;29;1825
2324;05/12/2020;2;16;19;31;43;60;0;43;3451
2325;08/12/2020;33;34;37;46;52;60;0;27;2233
2326;10/12/2020;10;16;27;34;36;57;0;55;3883
2327;12/12/2020;30;37;45;54;57;58;0;47;3521
2328;16/12/2020;8;11;14;39;48;53;0;67;5059
2329;19/12/2020;12;14;28;42;45;55;2;93;6837
2330;31/12/2020;17;20;22;35;41;42;2;1384;105342
2331;02/01/2021;11;13;16;36;53;57;0;10;808
2332;06/01/2021;12;33;35;36;44;52;0;32;2688
2333;09/01/2021;9;16;31;41;53;55;0;16;1994
2334;13/01/2021;4;13;20;22;25;60;1;66;4609
2335;16/01/2021;9;18;23;42;47;49;0;91;5286
2336;20/01/2021;8;10;20;27;28;50;0;75;4701
2337;23/01/2021;2;9;34;49;51;55;1;84;4321
2338;26/01/2021;8;21;23;34;42;47;0;22;1692
2339;28/01/2021;4;18;29;47;48;59;0;19;1746
2340;30/01/2021;16;21;28;41;49;51;0;24;2408
2341;03/02/2021;4;9;31;32;42;46;1;59;3548
2342;06/02/2021;17;20;24;27;40;60;0;35;2233
2343;10/02/2021;4;31;42;45;49;56;0;24;2507
2344;13/02/2021;11;17;25;38;52;57;0;59;4548
2345;17/02/2021;7;16;19;22;28;55;0;75;4970
2346;20/02/2021;3;4;11;40;42;58;0;53;4812
2347;24/02/2021;8;9;17;30;58;60;0;74;5504
2348;27/02/2021;2;3;7;48;51;54;1;107;6601
2349;03/03/2021;5;10;25;32;49;54;1;59;3150
2350;06/03/2021;25;28;29;34;41;45;0;40;2828
2351;10/03/2021;19;22;35;41;47;49;0;72;4604
2352;13/03/2021;9;17;38;41;49;55;0;102;5124
2353;17/03/2021;3;19;34;41;48;53;0;71;5457
2354;20/03/2021;6;18;25;30;42;54;2;169;6593
2355;24/03/2021;7;30;31;41;50;56;0;29;2014
2356;27/03/2021;3;10;25;36;51;58;1;100;5821
2357;31/03/2021;19;28;30;34;40;51;0;18;1287
2358;03/04/2021;5;9;11;16;43;57;0;66;3627
2359;06/04/2021;31;32;39;42;43;51;0;17;1053
2360;08/04/2021;10;15;21;24;29;45;0;36;3646
2361;10/04/2021;14;21;22;29;35;46;0;61;3782
2362;14/04/2021;3;20;22;32;35;50;0;41;3883
2363;17/04/2021;6;14;24;34;39;58;1;77;5169
2364;22/04/2021;20;33;42;44;51;56;0;180;1719
2365;24/04/2021;1;17;28;37;44;50;0;40;2940
2366;28/04/2021;4;27;33;35;38;41;0;76;4869
2367;30/04/2021;5;23;29;34;53;60;0;63;4551
2368;04/05/2021;4;7;13;25;36;58;1;152;7476
2369;06/05/2021;4;9;17;19;37;60;0;47;3447
2370;08/05/2021;7;31;37;42;44;56;0;29;3835
2371;12/05/2021;4;15;30;36;39;48;0;53;3480
2372;15/05/2021;3;19;25;44;46;57;0;128;7636
2373;19/05/2021;23;24;26;44;49;60;0;72;5432
2374;22/05/2021;12;13;25;37;39;41;0;125;8177
2375;26/05/2021;2;6;44;46;53;58;0;144;8909
2376;29/05/2021;12;14;17;18;19;22;2;433;19908
2377;02/06/2021;5;18;29;35;43;44;0;35;2890
2378;05/06/2021;11;37;38;41;49;54;0;33;2518
2379;09/06/2021;2;8;26;32;46;56;0;72;4222
2380;12/06/2021;11;16;20;24;39;53;1;59;5566
2381;16/06/2021;7;23;32;41;42;47;0;37;2458
2382;19/06/2021;6;9;19;38;53;55;1;52;4044
2383;23/06/2021;13;15;16;20;40;41;1;47;2151
2384;26/06/2021;9;13;22;25;26;31;0;57;3781
2385;29/06/2021;12;24;32;37;43;60;0;32;2340
2386;01/07/2021;11;13;16;35;49;50;0;44;3087
2387;03/07/2021;8;26;30;31;38;48;0;30;3038
2388;07/07/2021;8;30;33;37;45;48;0;83;5329
2389;10/07/2021;16;30;37;39;40;51;0;57;3887
2390;14/07/2021;9;13;20;22;32;56;0;102;7787
2391;17/07/2021;5;8;13;27;36;50;1;192;13379
2392;21/07/2021;11;15;23;25;34;53;0;31;2525
2393;24/07/2021;26;27;28;32;38;51;0;28;2368
2394;28/07/2021;5;16;25;36;42;44;0;48;4144
2395;31/07/2021;4;11;12;44;45;57;0;72;6026
2396;04/08/2021;2;3;25;39;42;49;0;49;5934
2397;07/08/2021;6;14;20;39;46;48;0;79;6058
2398;10/08/2021;8;17;30;36;54;59;1;78;5421
2399;12/08/2021;27;35;42;44;51;52;0;34;1706
2400;14/08/2021;9;21;25;26;36;53;0;52;3623
2401;18/08/2021;8;11;13;33;38;48;0;128;8020
2402;21/08/2021;6;22;25;29;30;60;1;128;6285
2403;25/08/2021;10;12;14;32;33;34;0;65;2793
2404;28/08/2021;1;19;35;40;47;54;0;43;2492
2405;01/09/2021;21;38;48;49;53;59;0;18;2630
2406;04/09/2021;8;12;29;43;54;60;0;64;5120
2407;08/09/2021;13;17;31;43;54;55;0;45;4411
2408;11/09/2021;4;29;30;38;43;57;1;65;4828
2409;15/09/2021;2;29;39;49;52;58;0;23;1364
2410;18/09/2021;7;10;27;35;43;59;2;93;5939
2411;22/09/2021;7;26;29;34;43;44;0;35;2517
2412;25/09/2021;9;16;34;36;49;60;0;37;3285
2413;28/09/2021;3;22;37;40;41;48;0;12;1759
2414;30/09/2021;4;5;6;14;29;38;0;39;3415
2415;02/10/2021;10;12;26;29;35;60;0;61;4773
2416;06/10/2021;6;7;11;26;37;57;1;86;5658
2417;09/10/2021;3;7;10;11;27;46;0;131;7708
2418;13/10/2021;2;11;19;27;57;60;0;80;3919
2419;16/10/2021;10;35;43;48;50;53;1;31;3078
2420;19/10/2021;5;8;29;39;44;60;0;18;2198
2421;21/10/2021;2;3;32;35;48;57;0;49;3678
2422;23/10/2021;2;7;10;20;30;46;0;110;6942
2423;27/10/2021;16;18;38;48;51;60;0;40;3295
2424;30/10/2021;3;16;17;37;38;53;0;101;6968
2425;03/11/2021;10;31;38;46;49;54;0;75;5048
2426;06/11/2021;5;11;24;27;32;57;0;249;15271
2427;10/11/2021;3;19;25;37;44;56;5;680;19557
2428;13/11/2021;3;9;25;28;29;39;0;50;4168
2429;17/11/2021;11;37;53;55;56;60;0;31;2462
2430;20/11/2021;19;26;39;45;46;56;1;37;4109
2431;24/11/2021;8;11;22;25;26;36;0;46;2988
2432;27/11/2021;7;29;38;40;44;52;0;21;2572
2433;01/12/2021;8;9;32;52;53;57;0;31;2625
2434;04/12/2021;1;2;14;28;40;51;0;37;3663
2435;07/12/2021;5;22;30;32;33;36;0;46;3051
2436;09/12/2021;5;15;28;32;38;54;1;65;4285
2437;11/12/2021;1;19;41;46;48;55;0;16;1416
2438;15/12/2021;4;11;19;25;37;55;1;99;5073
2439;18/12/2021;2;8;34;38;47;51;0;46;3008
2440;31/12/2021;12;15;23;32;33;46;2;1712;143494
2441;05/01/2022;9;41;42;46;47;54;0;18;1588
2442;08/01/2022;2;7;9;25;41;49;0;63;4651
2443;12/01/2022;1;5;12;13;17;31;2;161;8131
2444;15/01/2022;15;17;20;35;37;43;0;58;3161
2445;19/01/2022;11;25;32;37;47;56;0;63;3802
2446;22/01/2022;1;13;27;41;51;58;0;74;4344
2447;25/01/2022;13;19;29;42;49;52;0;42;3080
2448;27/01/2022;18;30;32;35;40;48;0;53;3529
2449;29/01/2022;14;20;21;31;49;52;1;65;3771
2450;02/02/2022;2;6;11;15;17;39;0;94;5633
2451;05/02/2022;13;26;31;46;51;60;1;60;4536
2452;09/02/2022;8;10;51;56;57;58;0;23;2117
2453;12/02/2022;10;14;15;24;34;44;0;63;3892
2454;16/02/2022;9;14;22;24;44;47;0;49;4523
2455;19/02/2022;21;38;50;53;56;59;0;44;3811
2456;22/02/2022;28;34;40;41;52;55;0;31;2581
2457;24/02/2022;10;19;46;47;49;50;0;51;4414
2458;26/02/2022;15;40;44;45;47;51;0;79;5279
2459;03/03/2022;15;24;33;49;53;59;0;84;6200
2460;05/03/2022;16;17;18;28;35;47;0;155;11542
2461;09/03/2022;8;11;16;21;32;37;0;278;17238
2462;12/03/2022;3;16;23;41;45;57;0;294;19576
2463;16/03/2022;11;16;31;37;42;51;0;281;20541
2464;19/03/2022;2;7;24;43;52;56;2;496;31802
2465;23/03/2022;3;8;23;29;53;54;0;160;11384
2466;26/03/2022;2;3;13;20;53;54;0;156;10583
2467;30/03/2022;1;10;19;34;35;45;0;168;11371
2468;02/04/2022;22;35;41;42;53;57;1;267;20734
2469;06/04/2022;5;28;30;38;52;55;0;34;2246
2470;09/04/2022;8;33;40;42;48;51;0;81;6197
2471;13/04/2022;8;23;29;30;36;55;0;95;7346
2472;16/04/2022;5;13;18;23;35;36;1;233;14583
2473;20/04/2022;15;18;28;42;55;60;0;23;2630
2474;23/04/2022;22;30;38;39;49;56;0;27;2372
2475;26/04/2022;1;40;44;45;58;60;0;44;3054
2476;28/04/2022;2;7;32;46;49;55;0;72;4799
2477;30/04/2022;20;33;37;38;49;50;0;45;4787
2478;04/05/2022;2;17;23;28;39;46;1;196;10963
2479;07/05/2022;10;15;17;20;21;35;1;90;5989
2480;11/05/2022;4;6;9;31;50;56;0;74;4757
2481;14/05/2022;1;8;21;27;36;37;0;72;5710
2482;18/05/2022;1;32;35;44;45;57;0;52;5101
2483;21/05/2022;20;34;38;40;49;54;0;72;5242
2484;25/05/2022;11;14;36;41;54;59;0;121;7558
2485;28/05/2022;5;12;32;38;47;60;0;188;13488
2486;31/05/2022;8;9;17;19;33;56;1;231;15582
2487;02/06/2022;23;36;42;48;54;58;1;141;4588
2488;04/06/2022;17;31;34;40;56;57;0;39;2541
2489;08/06/2022;3;10;13;25;41;42;0;92;6187
2490;11/06/2022;11;16;17;41;46;59;0;65;5432
2491;15/06/2022;22;29;38;43;48;53;0;83;6198
2492;18/06/2022;10;30;31;33;42;52;0;65;6645
2493;22/06/2022;4;9;37;43;44;56;0;149;9549
2494;25/06/2022;1;4;10;22;53;54;1;157;11899
2495;28/06/2022;8;12;14;30;33;41;0;37;3602
2496;30/06/2022;7;26;31;38;46;58;0;50;3505
2497;02/07/2022;5;14;23;46;48;52;0;87;6309
2498;06/07/2022;9;12;26;29;46;47;1;88;7866
2499;09/07/2022;11;19;38;47;56;59;0;30;3158
2500;13/07/2022;5;16;25;32;39;55;1;84;4928
2501;16/07/2022;11;27;32;40;58;59;0;30;2331
2502;20/07/2022;16;20;21;39;44;55;0;103;2914
2503;23/07/2022;3;14;16;38;43;45;1;91;5194
2504;27/07/2022;14;33;41;42;44;55;0;39;2885
2505;30/07/2022;3;5;19;26;43;51;1;108;6977
2506;02/08/2022;21;22;29;34;40;44;0;12;1145
2507;04/08/2022;4;6;12;34;35;53;1;47;3385
2508;06/08/2022;41;45;48;51;53;58;0;26;1510
2509;10/08/2022;8;37;39;50;59;60;0;47;2560
2510;13/08/2022;8;13;25;32;44;57;4;242;10296
2511;17/08/2022;4;10;15;39;41;49;0;31;2031
2512;20/08/2022;7;10;34;47;49;52;0;81;4382
2513;24/08/2022;13;19;21;35;46;50;0;62;3823
2514;27/08/2022;5;15;24;34;45;52;0;52;4477
2515;31/08/2022;3;12;19;41;45;54;0;97;6861
2516;03/09/2022;8;17;49;51;52;53;0;94;6665
2517;08/09/2022;1;5;6;16;22;39;0;116;8240
2518;10/09/2022;3;22;23;44;53;60;0;112;7288
2519;13/09/2022;3;8;20;36;38;57;0;88;6736
2520;15/09/2022;2;17;22;41;58;60;0;160;10126
2521;17/09/2022;23;28;33;38;55;59;0;189;12204
2522;21/09/2022;4;5;25;32;39;40;0;202;17799
2523;24/09/2022;1;10;27;36;37;45;0;294;20572
2524;28/09/2022;3;20;22;37;41;43;0;404;30194
2525;01/10/2022;4;13;21;26;47;51;2;814;52760
2526;05/10/2022;2;16;24;38;43;59;0;107;4518
2527;08/10/2022;8;19;29;38;48;56;0;80;4182
2528;13/10/2022;4;15;22;53;56;60;0;64;4684
2529;15/10/2022;3;5;32;56;57;59;0;84;5632
2530;18/10/2022;14;17;18;28;30;44;0;80;6922
2531;20/10/2022;1;5;18;49;55;56;0;107;7174
2532;22/10/2022;10;14;17;18;23;30;0;259;18616
2533;26/10/2022;17;18;20;37;45;53;0;134;11048
2534;29/10/2022;28;36;39;44;56;60;1;176;12797
2535;03/11/2022;1;3;24;37;51;56;0;59;5885
2536;05/11/2022;9;22;27;30;33;45;0;163;10787
2537;09/11/2022;12;24;26;31;37;48;1;94;9282
2538;12/11/2022;6;15;19;20;33;52;0;45;4693
2539;16/11/2022;1;23;32;33;36;59;0;32;3223
2540;19/11/2022;2;8;28;34;41;49;0;90;6404
2541;22/11/2022;10;28;45;47;57;59;0;51;3793
2542;24/11/2022;12;20;22;25;26;55;0;74;5246
2543;26/11/2022;2;5;27;30;46;53;0;138;7475
2544;30/11/2022;25;38;45;53;55;56;0;71;6119
2545;03/12/2022;20;23;32;36;39;57;0;94;8855
2546;07/12/2022;3;23;28;34;38;48;0;128;9138
2547;10/12/2022;10;25;31;37;38;57;0;100;8588
2548;14/12/2022;9;15;23;25;29;30;1;186;12011
2549;17/12/2022;1;6;10;30;33;35;0;107;5232
2550;31/12/2022;4;5;10;34;58;59;5;2485;183921
2551;04/01/2023;1;25;29;43;46;48;0;49;2428
2552;07/01/2023;5;24;25;33;38;41;0;62;4644
2553;10/01/2023;13;15;53;54;55;58;0;31;2575
2554;12/01/2023;19;25;43;44;48;49;0;78;4929
2555;14/01/2023;3;20;45;52;53;58;0;58;4595
2556;18/01/2023;2;6;10;14;34;56;0;136;9200
2557;21/01/2023;3;13;16;25;27;33;0;261;16523
2558;25/01/2023;2;10;18;25;34;44;0;181;11265
2559;28/01/2023;9;12;20;30;32;35;0;163;10641
2560;01/02/2023;4;5;17;20;48;52;0;151;13422
2561;04/02/2023;19;22;37;44;51;56;0;393;19908
2562;08/02/2023;6;12;32;44;51;57;2;226;14672
2563;11/02/2023;5;9;14;30;38;50;0;49;3714
2564;14/02/2023;7;8;14;19;32;45;0;55;4623
2565;16/02/2023;9;13;25;39;46;54;3;164;8245
2566;18/02/2023;11;23;45;53;57;59;0;60;3862
2567;23/02/2023;10;11;19;33;58;60;1;103;5786
2568;25/02/2023;16;22;29;35;38;49;0;59;3217
2569;01/03/2023;6;7;25;28;31;52;0;51;4277
2570;04/03/2023;8;18;26;27;47;50;1;75;5940
2571;08/03/2023;9;18;33;38;41;51;0;38;3051
2572;11/03/2023;3;7;15;22;24;50;0;101;7223
2573;14/03/2023;6;26;32;35;37;49;0;37;2718
2574;16/03/2023;12;17;43;44;48;60;0;68;4377
2575;18/03/2023;4;12;14;41;46;53;0;69;5767
2576;22/03/2023;29;32;33;35;38;43;0;111;7105
2577;25/03/2023;12;18;22;31;44;50;0;123;9182
2578;29/03/2023;37;39;47;50;59;60;2;296;6128
2579;01/04/2023;5;10;26;35;38;44;0;109;5186
2580;05/04/2023;3;4;13;29;36;43;0;109;8175
2581;08/04/2023;14;17;32;36;39;60;1;239;6605
2582;12/04/2023;10;14;17;19;21;34;0;95;6127
2583;15/04/2023;2;20;27;30;52;59;0;51;3786
2584;19/04/2023;1;5;12;36;53;55;0;50;4899
2585;22/04/2023;14;26;34;36;43;59;0;70;5743
2586;26/04/2023;10;18;41;49;53;59;0;76;6010
2587;29/04/2023;5;10;11;22;23;37;1;328;27180
2588;03/05/2023;9;13;22;31;57;58;0;38;2610
2589;06/05/2023;1;15;16;25;32;36;0;35;3201
2590;09/05/2023;2;12;28;36;43;48;0;76;4995
2591;11/05/2023;10;11;21;23;28;30;1;116;7633
2592;13/05/2023;15;17;28;34;35;51;0;26;2783
2593;17/05/2023;10;14;17;25;32;39;0;111;7145
2594;20/05/2023;7;26;32;35;49;55;0;76;4591
2595;24/05/2023;1;13;34;39;50;52;0;36;3827
2596;27/05/2023;34;35;39;47;51;56;0;71;4564
2597;31/05/2023;14;26;34;54;56;58;0;92;6038
