Concurso;Data Sorteio;Bola1;Bola2;Bola3;Bola4;Bola5;Bola6;Bola7;Mês da Sorte;Ganhadores 7 acertos
1;19/05/2018;3;5;8;9;19;21;30;2;1
2;22/05/2018;8;11;12;14;20;21;28;12;1
3;24/05/2018;11;12;21;24;25;28;29;4;1
4;26/05/2018;6;7;13;15;18;19;29;1;0
5;29/05/2018;2;8;9;17;19;24;28;12;0
6;02/06/2018;1;11;18;19;26;30;31;2;2
7;05/06/2018;2;5;6;14;20;24;25;1;1
8;07/06/2018;1;4;13;21;22;24;27;9;0
9;09/06/2018;3;10;13;18;19;23;24;8;3
10;12/06/2018;6;10;13;18;19;20;30;8;0
11;14/06/2018;7;13;16;19;20;27;31;9;0
12;16/06/2018;2;3;7;12;17;21;22;9;1
13;19/06/2018;1;4;7;9;20;21;26;4;0
14;21/06/2018;1;8;16;20;21;26;31;11;0
15;23/06/2018;8;11;13;16;26;28;29;11;0
16;26/06/2018;1;2;7;12;16;20;25;10;1
17;28/06/2018;9;11;13;14;19;20;22;6;0
18;30/06/2018;4;7;8;14;21;27;31;6;1
19;03/07/2018;3;4;9;12;14;28;29;10;0
20;05/07/2018;6;12;17;21;26;29;31;10;1
21;07/07/2018;2;8;10;11;12;18;31;3;0
22;10/07/2018;2;4;5;12;18;22;27;7;0
23;12/07/2018;9;10;17;19;25;27;28;5;0
24;14/07/2018;7;8;12;15;16;18;30;10;2
25;17/07/2018;1;10;13;17;21;25;29;7;10
26;19/07/2018;2;8;10;11;16;20;28;8;0
27;21/07/2018;6;12;15;17;20;23;28;2;5
28;24/07/2018;2;9;12;15;18;20;24;11;2
29;26/07/2018;3;5;13;21;22;24;27;2;0
30;28/07/2018;4;8;9;17;20;27;30;11;0
31;31/07/2018;4;6;7;9;11;24;28;6;0
32;02/08/2018;3;4;7;16;18;20;27;3;1
33;04/08/2018;3;10;12;13;23;28;31;9;0
34;07/08/2018;6;12;15;18;23;27;29;12;5
35;09/08/2018;3;7;11;12;17;22;23;11;0
36;11/08/2018;2;7;11;12;13;16;27;6;0
37;14/08/2018;2;7;12;16;18;22;23;1;2
38;16/08/2018;8;15;17;18;26;29;30;7;0
39;18/08/2018;4;5;6;9;13;25;30;3;2
40;21/08/2018;2;10;12;14;19;21;27;9;2
41;23/08/2018;7;12;23;25;27;30;31;12;1
42;25/08/2018;6;11;14;16;17;29;31;6;0
43;28/08/2018;4;7;17;18;27;28;31;4;1
44;30/08/2018;7;9;15;23;26;30;31;6;0
45;01/09/2018;2;5;7;12;15;29;30;9;2
46;04/09/2018;1;4;5;8;10;16;30;8;0
47;06/09/2018;5;7;13;15;16;20;22;9;0
48;08/09/2018;6;8;10;17;23;29;31;4;0
49;11/09/2018;4;11;16;17;20;23;31;1;1
50;13/09/2018;14;16;17;18;22;23;31;9;0
51;15/09/2018;2;8;10;14;16;24;28;9;6
52;18/09/2018;7;12;14;20;22;24;26;9;1
53;20/09/2018;3;7;16;18;19;25;30;4;0
54;22/09/2018;4;11;18;21;24;25;27;8;0
55;25/09/2018;1;8;16;18;22;25;28;10;0
56;27/09/2018;9;10;15;16;17;23;31;12;1
57;29/09/2018;3;5;10;12;18;26;28;10;1
58;02/10/2018;11;12;13;24;25;29;30;8;2
59;04/10/2018;3;4;5;8;10;24;25;10;1
60;06/10/2018;1;6;7;8;17;18;22;10;0
61;09/10/2018;5;8;10;13;19;25;28;4;2
62;11/10/2018;7;11;13;18;23;28;30;12;0
63;13/10/2018;2;3;6;9;27;28;29;8;1
64;16/10/2018;5;6;8;17;18;20;27;1;1
65;18/10/2018;7;20;21;27;28;30;31;2;0
66;20/10/2018;4;6;10;11;12;17;24;9;0
67;23/10/2018;1;4;8;14;19;22;26;10;3
68;25/10/2018;1;4;6;14;20;21;27;1;0
69;27/10/2018;1;3;5;6;8;26;29;7;0
70;30/10/2018;2;4;5;9;11;28;29;12;2
71;01/11/2018;4;6;7;8;24;27;31;9;0
72;03/11/2018;1;2;6;8;9;18;21;4;1
73;06/11/2018;8;9;10;11;14;18;23;8;1
74;08/11/2018;6;12;15;17;20;23;29;6;6
75;10/11/2018;2;3;6;14;28;30;31;1;0
76;13/11/2018;10;15;16;21;25;26;29;10;1
77;17/11/2018;6;7;11;12;14;19;21;9;1
78;20/11/2018;4;6;8;13;14;19;23;10;0
79;22/11/2018;1;8;10;12;15;21;28;9;0
80;24/11/2018;2;3;4;10;18;19;28;6;1
81;27/11/2018;6;10;12;25;26;27;29;2;0
82;29/11/2018;2;9;10;13;16;17;22;4;1
83;01/12/2018;2;9;10;13;15;21;26;5;0
84;04/12/2018;7;10;15;16;18;19;24;5;0
85;06/12/2018;3;7;21;22;23;26;31;6;1
86;08/12/2018;3;6;8;9;11;19;26;2;1
87;11/12/2018;7;9;10;15;18;21;22;1;0
88;13/12/2018;3;4;17;18;19;23;27;5;1
89;15/12/2018;3;6;16;18;19;24;31;7;1
90;18/12/2018;1;5;6;8;12;23;26;5;2
91;20/12/2018;8;10;15;16;23;28;29;4;0
92;22/12/2018;5;7;8;9;15;26;29;12;0
93;27/12/2018;1;8;9;16;21;23;30;8;1
94;29/12/2018;7;10;13;15;19;23;26;9;1
95;03/01/2019;5;7;8;18;20;23;28;7;1
96;05/01/2019;3;4;9;15;17;28;29;5;4
97;08/01/2019;1;10;12;22;23;25;28;11;0
98;10/01/2019;1;3;7;12;26;27;28;9;0
99;12/01/2019;4;14;20;27;28;29;30;3;0
100;15/01/2019;3;4;8;15;16;20;21;5;0
101;17/01/2019;4;5;9;13;19;20;29;12;0
102;19/01/2019;4;7;10;19;22;26;28;5;4
103;22/01/2019;4;5;19;23;25;26;31;1;0
104;24/01/2019;3;13;20;25;26;27;30;12;0
105;26/01/2019;3;7;8;12;21;24;29;8;1
106;29/01/2019;5;8;17;20;25;26;28;12;0
107;31/01/2019;4;7;13;15;18;20;23;6;1
108;02/02/2019;2;6;15;17;22;24;25;11;0
109;05/02/2019;3;18;20;23;24;26;28;7;1
110;07/02/2019;4;8;10;11;14;18;26;3;0
111;09/02/2019;1;6;8;14;17;21;26;2;0
112;12/02/2019;11;13;18;21;24;25;26;12;0
113;14/02/2019;6;9;10;12;17;27;30;5;1
114;16/02/2019;7;8;9;23;26;29;31;11;0
115;19/02/2019;7;8;13;16;18;21;22;2;1
116;21/02/2019;2;5;12;16;18;24;30;3;3
117;23/02/2019;5;7;9;16;18;20;27;10;3
118;26/02/2019;2;5;7;9;15;22;30;10;0
119;28/02/2019;2;3;6;12;24;25;28;11;2
120;02/03/2019;2;8;16;21;22;27;28;2;0
121;07/03/2019;3;9;10;12;14;19;24;7;0
122;09/03/2019;12;13;14;15;16;23;31;4;0
123;12/03/2019;6;11;16;18;19;21;23;8;1
124;14/03/2019;12;15;20;21;22;24;27;11;0
125;16/03/2019;1;8;12;13;17;26;30;12;0
126;19/03/2019;9;11;14;18;24;27;29;8;0
127;21/03/2019;1;5;7;9;17;21;22;5;1
128;23/03/2019;2;7;8;15;19;20;22;5;1
129;26/03/2019;6;12;13;15;16;28;29;10;1
130;28/03/2019;5;8;10;20;23;25;28;1;0
131;30/03/2019;4;5;11;22;26;27;30;3;1
132;02/04/2019;3;11;14;18;19;23;26;10;1
133;04/04/2019;1;4;8;10;20;22;31;3;1
134;06/04/2019;1;2;8;10;14;16;18;5;1
135;09/04/2019;2;5;6;11;25;27;28;1;0
136;11/04/2019;17;19;20;21;23;27;30;3;0
137;13/04/2019;3;5;6;8;16;19;28;12;1
138;16/04/2019;9;13;15;17;21;27;29;6;1
139;18/04/2019;3;4;11;13;18;19;22;7;0
140;20/04/2019;5;8;9;12;14;17;22;3;1
141;23/04/2019;2;7;9;15;23;25;30;7;1
142;25/04/2019;6;11;18;21;23;29;30;6;0
143;27/04/2019;5;10;11;15;22;29;31;1;1
144;30/04/2019;2;4;7;8;13;15;27;11;1
145;02/05/2019;2;3;6;10;11;13;15;12;1
146;04/05/2019;1;8;9;17;18;19;23;3;0
147;07/05/2019;2;3;6;8;9;22;27;1;0
148;09/05/2019;7;9;11;18;21;22;29;9;1
149;11/05/2019;3;16;20;21;25;26;30;8;0
150;14/05/2019;1;2;7;16;17;26;29;8;1
151;16/05/2019;3;11;13;17;22;29;31;11;1
152;18/05/2019;1;3;5;10;14;25;31;7;0
153;21/05/2019;2;13;21;23;25;29;30;6;1
154;23/05/2019;3;5;9;14;21;29;30;12;0
155;25/05/2019;3;13;15;16;25;27;28;5;2
156;28/05/2019;1;3;7;15;16;29;31;4;0
157;30/05/2019;2;10;17;18;20;25;29;12;1
158;01/06/2019;7;14;20;23;27;28;29;3;0
159;04/06/2019;1;10;14;17;23;28;31;10;1
160;06/06/2019;4;8;9;12;13;25;30;11;1
161;08/06/2019;2;3;5;14;15;20;25;12;0
162;11/06/2019;6;10;11;14;20;24;25;7;0
163;13/06/2019;7;10;16;18;24;25;27;12;0
164;15/06/2019;7;10;12;13;17;21;22;9;0
165;18/06/2019;4;5;7;8;11;19;24;2;0
166;22/06/2019;6;7;11;19;22;23;25;9;1
167;25/06/2019;10;11;12;13;15;20;26;8;0
168;27/06/2019;1;3;4;20;23;25;26;3;0
169;29/06/2019;9;11;14;18;24;26;29;10;0
170;02/07/2019;1;9;10;11;15;20;21;6;0
171;04/07/2019;3;7;11;18;20;23;29;12;2
172;06/07/2019;3;6;10;21;25;27;30;10;0
173;09/07/2019;2;7;11;13;25;27;28;4;0
174;11/07/2019;3;5;6;7;17;19;25;2;2
175;13/07/2019;4;6;7;17;21;26;31;12;3
176;16/07/2019;3;4;6;9;10;18;29;6;0
177;18/07/2019;3;11;17;18;24;25;28;10;0
178;20/07/2019;2;3;4;9;12;23;24;9;0
179;23/07/2019;3;4;5;11;21;24;30;10;1
180;25/07/2019;5;13;20;21;23;25;30;11;0
181;27/07/2019;6;8;10;15;17;26;28;8;0
182;30/07/2019;2;3;7;15;22;26;31;10;0
183;01/08/2019;5;7;16;17;21;24;27;11;1
184;03/08/2019;6;9;10;14;16;17;22;8;0
185;06/08/2019;7;11;18;21;24;28;29;6;0
186;08/08/2019;6;15;17;22;23;26;27;9;1
187;10/08/2019;1;3;6;15;17;23;26;10;2
188;13/08/2019;8;12;21;23;24;26;28;5;0
189;15/08/2019;2;7;13;16;18;20;29;11;2
190;17/08/2019;3;4;5;6;14;16;27;7;1
191;20/08/2019;3;4;11;24;26;28;29;10;1
192;22/08/2019;4;11;14;15;18;28;31;12;0
193;24/08/2019;12;13;16;25;28;30;31;7;0
194;27/08/2019;3;4;7;9;15;21;23;1;1
195;29/08/2019;2;3;5;14;15;22;23;2;0
196;31/08/2019;4;13;14;22;26;29;30;8;0
197;03/09/2019;1;2;4;11;17;18;28;4;1
198;05/09/2019;1;2;9;10;16;23;28;1;0
199;10/09/2019;2;15;20;21;22;23;24;7;0
200;12/09/2019;10;12;13;17;21;23;27;2;0
201;14/09/2019;2;7;9;13;14;16;29;6;0
202;17/09/2019;5;6;7;11;21;26;29;9;0
203;19/09/2019;2;3;7;10;15;17;20;12;0
204;21/09/2019;2;11;20;21;27;28;31;6;0
205;24/09/2019;5;6;9;17;19;20;23;5;1
206;26/09/2019;13;16;21;23;24;27;28;12;0
207;28/09/2019;1;5;8;10;12;25;28;7;1
208;01/10/2019;2;4;17;21;28;29;31;10;0
209;03/10/2019;5;7;14;17;19;23;29;8;0
210;05/10/2019;7;10;18;19;20;23;27;12;0
211;08/10/2019;1;5;13;24;26;27;29;5;0
212;10/10/2019;5;11;14;17;18;26;30;10;1
213;15/10/2019;6;9;10;18;21;24;26;9;0
214;17/10/2019;2;9;11;13;21;28;29;5;0
215;19/10/2019;4;7;11;13;15;18;25;6;1
216;22/10/2019;5;8;9;14;25;28;30;8;0
217;24/10/2019;2;6;16;17;18;20;26;9;0
218;26/10/2019;2;3;11;12;17;18;21;9;0
219;29/10/2019;3;6;10;16;17;25;28;3;0
220;31/10/2019;2;4;9;17;19;25;31;2;2
221;05/11/2019;3;6;7;9;15;27;31;12;2
222;07/11/2019;3;12;13;16;18;19;27;4;0
223;09/11/2019;3;4;10;11;14;19;28;12;0
224;12/11/2019;1;6;8;14;17;19;23;3;1
225;14/11/2019;1;7;12;14;22;24;26;4;0
226;16/11/2019;1;4;8;12;22;24;28;2;0
227;19/11/2019;2;11;12;15;17;20;25;6;0
228;21/11/2019;4;10;14;18;21;22;23;12;1
229;23/11/2019;9;13;15;21;25;27;30;6;1
230;26/11/2019;5;8;12;18;24;27;29;5;1
231;28/11/2019;4;10;12;13;14;24;26;2;0
232;30/11/2019;4;5;6;12;15;16;26;11;0
233;03/12/2019;3;6;7;16;22;23;28;12;3
234;05/12/2019;4;5;13;17;23;24;29;12;0
235;07/12/2019;13;17;18;19;22;27;29;8;0
236;10/12/2019;4;5;6;9;11;19;23;4;1
237;12/12/2019;3;6;14;18;19;29;31;8;1
238;14/12/2019;1;2;10;19;24;26;28;8;0
239;17/12/2019;5;13;15;23;27;29;30;8;2
240;19/12/2019;1;4;8;13;19;22;25;10;0
241;21/12/2019;3;5;6;12;20;23;31;7;0
242;24/12/2019;2;3;5;9;16;19;25;2;0
243;26/12/2019;2;4;8;13;14;17;22;2;0
244;28/12/2019;1;6;12;13;15;16;29;12;0
245;30/12/2019;1;5;7;14;21;30;31;5;0
246;02/01/2020;9;10;14;16;18;19;24;5;0
247;04/01/2020;2;9;10;12;17;25;28;8;1
248;07/01/2020;2;5;14;16;17;18;22;6;0
249;09/01/2020;3;8;12;20;21;27;29;9;1
250;11/01/2020;1;5;10;14;15;29;30;12;1
251;14/01/2020;5;11;14;18;20;27;31;3;3
252;16/01/2020;4;9;12;19;25;28;31;12;2
253;18/01/2020;4;12;14;19;23;28;29;4;1
254;21/01/2020;18;20;21;22;25;27;31;2;0
255;23/01/2020;3;11;23;24;25;28;30;7;1
256;25/01/2020;1;5;12;16;27;30;31;12;1
257;28/01/2020;5;12;17;19;21;24;28;5;2
258;30/01/2020;1;2;3;9;13;24;30;7;1
259;01/02/2020;6;9;10;13;21;26;29;9;2
260;04/02/2020;5;8;10;12;18;24;31;6;0
261;06/02/2020;5;8;9;18;23;26;31;4;1
262;08/02/2020;4;5;17;18;20;27;28;6;0
263;11/02/2020;9;18;19;21;23;27;30;12;0
264;13/02/2020;13;15;22;23;25;30;31;12;0
265;15/02/2020;2;3;14;16;17;20;27;11;2
266;18/02/2020;1;3;10;14;17;30;31;12;1
267;20/02/2020;1;2;6;9;13;20;30;10;0
268;22/02/2020;2;3;14;16;17;21;29;3;1
269;26/02/2020;1;4;6;9;26;27;31;6;0
270;27/02/2020;1;2;3;4;24;27;28;3;2
271;29/02/2020;7;15;17;20;21;24;29;7;0
272;03/03/2020;3;5;6;10;12;16;21;2;0
273;05/03/2020;3;11;12;19;20;26;28;11;0
274;07/03/2020;2;3;4;6;8;10;30;3;3
275;10/03/2020;7;10;12;14;24;27;28;11;0
276;12/03/2020;4;5;15;16;18;27;30;8;0
277;14/03/2020;2;3;10;13;21;22;31;8;0
278;17/03/2020;5;8;13;21;22;24;26;9;0
279;19/03/2020;3;7;10;13;24;25;28;11;0
280;21/03/2020;2;3;10;13;17;24;28;6;4
281;24/03/2020;5;7;9;14;24;26;31;5;1
282;26/03/2020;7;8;16;22;23;25;31;11;0
283;28/03/2020;2;8;17;20;21;22;24;5;1
284;31/03/2020;1;3;4;5;18;22;25;8;0
285;02/04/2020;10;15;17;18;21;22;23;8;0
286;04/04/2020;4;5;19;23;28;29;30;2;1
287;07/04/2020;10;14;15;16;18;24;30;10;0
288;09/04/2020;7;11;16;21;23;28;30;1;1
289;11/04/2020;2;4;14;17;19;21;30;2;0
290;14/04/2020;5;12;13;18;21;23;29;2;0
291;16/04/2020;2;3;5;7;10;17;20;11;0
292;18/04/2020;1;4;5;19;22;23;24;11;0
293;20/04/2020;3;7;13;20;25;27;28;11;1
294;23/04/2020;4;5;10;12;14;19;24;10;1
295;25/04/2020;1;4;5;9;10;22;30;5;0
296;28/04/2020;4;6;13;18;21;22;27;3;0
297;30/04/2020;10;13;14;15;20;23;29;4;0
298;02/05/2020;3;4;8;9;16;24;31;1;0
299;05/05/2020;3;14;15;17;20;21;22;4;0
300;07/05/2020;10;15;16;17;24;25;31;11;0
301;09/05/2020;11;18;22;27;28;29;30;11;0
302;12/05/2020;1;4;7;10;15;25;31;1;1
303;14/05/2020;5;13;15;16;18;25;30;4;2
304;16/05/2020;1;2;16;23;24;25;30;1;0
305;19/05/2020;4;8;9;10;20;25;28;8;0
306;21/05/2020;3;11;12;13;20;24;30;2;0
307;23/05/2020;4;8;14;15;16;24;27;1;0
308;26/05/2020;10;11;16;20;21;23;28;1;0
309;28/05/2020;2;5;10;11;12;18;19;6;0
310;30/05/2020;6;7;9;10;13;14;21;4;0
311;02/06/2020;1;3;9;16;17;21;22;4;2
312;04/06/2020;2;9;15;22;24;29;30;4;0
313;06/06/2020;9;12;16;19;24;28;29;10;1
314;09/06/2020;1;7;9;11;22;25;26;11;0
315;12/06/2020;9;10;19;22;26;27;28;7;0
316;13/06/2020;1;10;13;14;16;22;30;11;0
317;16/06/2020;5;7;8;14;15;22;28;2;1
318;18/06/2020;6;11;14;16;18;28;30;12;0
319;20/06/2020;3;10;14;17;28;29;30;12;1
320;23/06/2020;4;9;12;13;15;26;27;11;2
321;25/06/2020;7;13;21;22;26;29;31;1;1
322;27/06/2020;4;9;12;19;20;26;28;4;0
323;30/06/2020;1;9;24;25;27;29;30;8;0
324;02/07/2020;3;6;14;18;24;27;30;5;1
325;04/07/2020;7;8;19;20;21;24;26;7;0
326;07/07/2020;1;10;15;16;22;24;29;8;0
327;09/07/2020;4;9;13;15;21;23;25;9;0
328;11/07/2020;11;14;17;20;23;25;27;12;1
329;14/07/2020;2;6;9;17;18;19;22;3;0
330;16/07/2020;7;10;11;17;23;24;29;3;0
331;18/07/2020;7;8;23;26;29;30;31;2;1
332;21/07/2020;6;8;9;14;15;18;25;8;0
333;23/07/2020;5;10;13;16;18;20;22;8;0
334;25/07/2020;3;5;12;14;19;24;28;10;3
335;28/07/2020;1;3;5;10;13;14;26;4;0
336;30/07/2020;4;8;11;13;23;26;28;4;2
337;01/08/2020;1;6;7;20;21;27;30;4;0
338;04/08/2020;3;8;10;11;14;23;24;6;0
339;06/08/2020;1;5;9;10;23;24;25;1;0
340;08/08/2020;4;7;16;17;20;27;28;6;0
341;11/08/2020;1;5;8;10;11;13;27;8;1
342;13/08/2020;2;7;8;11;12;20;30;2;1
343;15/08/2020;1;7;11;25;26;29;31;3;0
344;18/08/2020;1;2;17;23;24;25;31;4;0
345;20/08/2020;5;7;8;13;22;26;30;5;0
346;22/08/2020;14;15;17;21;24;25;31;4;0
347;25/08/2020;6;8;19;20;22;23;29;9;0
348;27/08/2020;2;10;18;19;24;26;27;1;1
349;29/08/2020;2;10;17;25;26;28;29;10;1
350;01/09/2020;7;16;20;23;24;25;26;11;0
351;03/09/2020;4;8;9;11;18;19;26;6;0
352;05/09/2020;5;11;12;15;18;22;26;8;0
353;08/09/2020;9;16;20;22;24;28;30;7;0
354;10/09/2020;6;8;20;21;24;28;29;12;0
355;12/09/2020;4;12;13;16;19;22;31;7;0
356;15/09/2020;1;2;10;15;22;23;28;3;0
357;17/09/2020;3;4;6;11;23;24;26;9;1
358;19/09/2020;3;4;5;15;25;27;29;2;2
359;22/09/2020;6;9;14;20;21;22;25;12;0
360;24/09/2020;10;11;13;19;25;27;30;10;0
361;26/09/2020;1;4;5;12;14;22;27;7;0
362;29/09/2020;3;7;10;19;29;30;31;5;1
363;01/10/2020;2;11;12;13;14;18;30;10;0
364;03/10/2020;3;6;7;12;15;23;28;1;0
365;06/10/2020;6;11;14;15;17;19;21;1;0
366;08/10/2020;17;19;23;25;26;29;31;11;1
367;10/10/2020;6;15;17;22;23;26;29;3;1
368;13/10/2020;12;20;21;22;24;26;28;6;0
369;15/10/2020;10;15;16;17;19;21;30;10;1
370;17/10/2020;4;6;11;15;19;21;22;8;1
371;20/10/2020;3;11;12;16;24;29;31;9;0
372;22/10/2020;2;4;19;20;23;26;27;12;0
373;24/10/2020;5;10;21;25;26;29;31;4;1
374;27/10/2020;3;8;9;20;21;23;27;3;0
375;29/10/2020;4;8;9;13;20;23;30;12;0
376;31/10/2020;7;9;10;13;20;22;25;3;0
377;03/11/2020;1;11;12;13;17;29;31;10;0
378;05/11/2020;11;13;18;21;23;25;27;8;0
379;07/11/2020;3;7;14;21;24;26;27;3;1
380;10/11/2020;5;15;17;22;26;28;31;6;0
381;12/11/2020;14;15;16;17;22;24;29;12;0
382;14/11/2020;10;13;17;20;22;26;28;6;1
383;17/11/2020;2;9;11;16;22;24;30;3;0
384;19/11/2020;2;3;6;9;10;15;26;5;0
385;21/11/2020;4;6;7;14;15;22;31;6;1
386;24/11/2020;5;10;11;20;22;29;31;9;0
387;26/11/2020;2;6;15;18;21;22;23;7;0
388;28/11/2020;2;4;7;9;15;22;26;3;1
389;01/12/2020;5;16;23;25;27;28;29;8;0
390;03/12/2020;1;12;17;25;26;28;29;2;1
391;05/12/2020;5;7;10;11;13;17;23;9;0
392;08/12/2020;3;4;10;18;22;24;28;10;0
393;10/12/2020;6;13;19;21;23;27;28;3;0
394;12/12/2020;1;2;5;8;15;24;25;5;0
395;15/12/2020;8;14;16;21;25;30;31;8;0
396;17/12/2020;1;2;14;17;23;25;26;8;0
397;19/12/2020;7;8;9;10;12;14;30;4;0
398;22/12/2020;2;3;7;10;20;30;31;8;0
399;24/12/2020;2;7;15;19;20;23;24;4;0
400;29/12/2020;6;12;17;19;21;23;31;11;1
401;31/12/2020;3;4;6;7;10;24;31;9;0
402;05/01/2021;1;3;5;7;20;22;29;3;1
403;07/01/2021;4;9;11;25;26;29;30;4;1
404;09/01/2021;1;2;9;14;16;25;29;11;0
405;12/01/2021;4;5;7;11;13;18;30;12;0
406;14/01/2021;1;10;11;15;19;20;22;8;0
407;16/01/2021;4;5;12;13;16;25;26;2;1
408;19/01/2021;10;14;17;20;25;27;29;10;0
409;21/01/2021;10;14;16;24;28;30;31;1;0
410;23/01/2021;6;12;14;16;18;27;31;9;0
411;26/01/2021;3;4;8;11;19;26;27;1;1
412;28/01/2021;4;9;10;12;13;19;21;1;0
413;30/01/2021;3;6;9;12;16;21;22;3;0
414;02/02/2021;2;11;17;20;28;30;31;3;1
415;04/02/2021;4;8;10;14;20;27;29;2;0
416;06/02/2021;3;8;11;13;23;24;30;10;1
417;09/02/2021;3;8;11;17;19;21;26;8;0
418;11/02/2021;7;9;20;23;25;27;31;10;0
419;13/02/2021;2;3;10;13;17;24;31;9;0
420;18/02/2021;1;5;9;10;14;16;25;9;0
421;20/02/2021;6;9;11;14;19;22;25;8;0
422;23/02/2021;6;7;19;24;27;28;31;6;0
423;25/02/2021;5;7;9;13;18;21;30;11;0
424;27/02/2021;1;6;11;13;23;25;31;11;1
425;02/03/2021;16;18;19;21;26;29;31;6;0
426;04/03/2021;1;4;14;17;23;24;27;5;0
427;06/03/2021;2;5;9;10;11;13;24;7;0
428;09/03/2021;4;6;7;15;17;20;21;3;0
429;11/03/2021;8;15;17;19;23;27;31;9;0
430;13/03/2021;2;17;19;20;24;28;31;2;1
431;16/03/2021;14;20;23;24;26;27;31;11;0
432;18/03/2021;5;9;12;15;24;27;28;9;1
433;20/03/2021;1;6;7;19;25;27;31;9;0
434;23/03/2021;7;12;14;22;24;30;31;9;0
435;25/03/2021;7;8;14;21;23;26;30;1;0
436;27/03/2021;4;23;24;25;26;27;31;9;0
437;30/03/2021;1;14;22;26;27;28;31;2;0
438;01/04/2021;3;7;10;18;19;22;28;7;1
439;03/04/2021;1;6;14;19;23;27;28;5;0
440;06/04/2021;2;8;13;14;17;21;24;5;0
441;08/04/2021;1;9;14;19;28;29;30;9;0
442;10/04/2021;5;12;15;18;24;26;30;12;1
443;13/04/2021;1;6;8;10;11;21;31;4;1
444;15/04/2021;2;5;6;10;22;26;31;4;0
445;17/04/2021;1;16;18;21;24;26;30;6;1
446;20/04/2021;3;5;6;11;16;21;27;12;0
447;22/04/2021;4;7;9;18;20;26;29;4;0
448;24/04/2021;4;5;6;15;20;25;29;3;0
449;27/04/2021;4;6;7;16;22;23;29;10;1
450;29/04/2021;10;15;19;24;26;27;29;4;0
451;04/05/2021;7;11;17;19;24;26;30;3;0
452;06/05/2021;2;10;14;17;20;21;26;2;0
453;08/05/2021;1;3;8;13;17;21;23;10;0
454;11/05/2021;3;4;10;11;13;16;17;7;0
455;13/05/2021;9;12;13;14;21;24;29;8;2
456;15/05/2021;2;12;18;19;21;22;30;3;0
457;18/05/2021;4;8;12;14;15;22;29;1;0
458;20/05/2021;9;10;14;15;22;27;28;9;2
459;22/05/2021;1;8;10;13;16;27;29;2;0
460;25/05/2021;7;17;18;20;21;28;31;4;0
461;27/05/2021;2;8;11;24;25;28;29;1;0
462;29/05/2021;1;5;6;10;19;21;26;12;0
463;01/06/2021;5;8;10;16;22;26;30;7;1
464;05/06/2021;7;10;11;15;21;25;31;4;0
465;08/06/2021;1;9;20;25;27;30;31;4;0
466;10/06/2021;2;5;8;13;15;20;25;8;1
467;12/06/2021;5;6;9;21;22;25;29;5;0
468;15/06/2021;3;7;8;10;17;24;28;4;1
469;17/06/2021;5;6;7;8;11;14;26;7;1
470;19/06/2021;1;12;14;15;16;19;23;10;0
471;22/06/2021;2;3;11;12;19;24;27;11;1
472;24/06/2021;5;7;9;10;22;25;29;3;0
473;26/06/2021;2;9;11;16;20;27;28;7;0
474;29/06/2021;6;8;9;12;14;17;19;7;0
475;01/07/2021;10;14;15;18;23;27;29;8;0
476;03/07/2021;2;5;6;10;23;27;31;10;1
477;06/07/2021;2;5;8;12;19;23;26;3;3
478;08/07/2021;3;4;9;27;29;30;31;6;0
479;10/07/2021;1;5;12;13;15;20;23;4;0
480;13/07/2021;3;6;10;17;20;28;31;9;0
481;15/07/2021;4;5;11;14;23;24;31;6;0
482;17/07/2021;1;8;18;23;25;29;30;2;0
483;20/07/2021;2;9;11;12;16;23;29;11;0
484;22/07/2021;1;4;9;14;20;25;26;1;0
485;24/07/2021;4;20;21;22;23;26;28;11;0
486;27/07/2021;3;7;12;17;18;22;23;9;2
487;29/07/2021;2;7;12;19;20;30;31;6;1
488;31/07/2021;1;4;9;14;15;25;29;1;0
489;03/08/2021;6;8;17;18;22;24;27;7;0
490;05/08/2021;6;7;15;21;24;27;31;8;0
491;07/08/2021;2;3;7;12;23;26;30;6;0
492;10/08/2021;2;9;10;11;21;22;26;11;0
493;12/08/2021;6;7;11;12;19;23;30;11;0
494;14/08/2021;3;8;13;20;25;26;30;1;0
495;17/08/2021;4;5;11;15;19;22;30;5;1
496;19/08/2021;1;8;12;16;18;19;23;6;0
497;21/08/2021;7;8;11;18;19;27;31;12;0
498;24/08/2021;3;16;18;20;25;30;31;11;1
499;26/08/2021;8;9;11;12;14;20;21;5;0
500;28/08/2021;2;7;9;15;22;24;27;9;1
501;31/08/2021;3;13;18;20;23;24;30;3;0
502;02/09/2021;1;5;8;18;26;27;31;12;0
503;04/09/2021;2;3;5;9;15;22;29;6;0
504;09/09/2021;2;9;10;11;21;30;31;11;0
505;11/09/2021;2;3;7;8;12;14;29;2;0
506;14/09/2021;4;6;16;20;26;27;29;5;1
507;16/09/2021;7;8;14;15;16;17;23;10;0
508;18/09/2021;2;3;4;8;11;15;25;2;0
509;21/09/2021;1;3;5;6;15;20;23;5;0
510;23/09/2021;5;6;16;17;21;27;31;3;0
511;25/09/2021;7;8;9;17;19;28;29;8;1
512;28/09/2021;4;5;10;12;13;21;23;6;2
513;30/09/2021;6;7;15;24;27;29;31;6;0
514;02/10/2021;1;2;5;8;15;17;18;5;0
515;05/10/2021;5;7;14;15;18;20;24;3;0
516;07/10/2021;1;11;15;17;22;26;27;4;0
517;09/10/2021;10;11;21;22;27;29;30;1;0
518;14/10/2021;5;10;11;16;18;24;25;11;0
519;16/10/2021;8;9;12;13;16;19;24;11;1
520;19/10/2021;11;12;15;21;22;30;31;7;0
521;21/10/2021;9;13;16;17;22;24;27;5;1
522;23/10/2021;1;6;7;9;13;16;22;7;0
523;26/10/2021;3;5;10;15;17;19;23;8;0
524;28/10/2021;4;7;14;17;19;21;29;8;1
525;30/10/2021;12;16;17;20;21;22;29;5;0
526;04/11/2021;5;8;13;26;27;30;31;12;1
527;06/11/2021;2;9;12;18;24;30;31;2;1
528;09/11/2021;4;5;9;13;17;18;31;8;0
529;11/11/2021;8;10;13;16;24;27;29;10;2
530;13/11/2021;3;11;13;23;26;27;30;3;0
531;16/11/2021;4;11;15;18;23;26;31;7;0
532;18/11/2021;3;5;8;16;19;23;30;4;0
533;20/11/2021;2;3;4;9;13;20;25;7;0
534;23/11/2021;10;11;14;19;28;30;31;4;1
535;25/11/2021;2;4;10;11;14;28;30;11;0
536;27/11/2021;3;5;8;10;12;22;27;1;0
537;30/11/2021;8;11;13;19;22;24;28;8;0
538;02/12/2021;8;12;18;19;28;29;31;12;0
539;04/12/2021;7;12;14;16;23;26;27;3;0
540;07/12/2021;7;9;10;13;18;21;25;4;0
541;09/12/2021;1;4;6;8;13;17;31;1;1
542;11/12/2021;3;6;10;13;15;17;29;7;0
543;14/12/2021;3;4;6;10;18;20;26;6;0
544;16/12/2021;2;8;9;11;17;24;28;1;0
545;18/12/2021;1;6;12;19;21;22;26;3;0
546;21/12/2021;6;8;17;19;20;21;29;5;1
547;23/12/2021;2;4;17;18;19;25;31;12;0
548;28/12/2021;1;7;11;19;21;29;30;4;0
549;30/12/2021;4;6;8;14;16;23;24;7;0
550;04/01/2022;5;8;16;18;23;27;28;4;0
551;06/01/2022;1;4;6;8;12;24;30;2;0
552;08/01/2022;6;13;14;21;23;27;29;12;1
553;11/01/2022;6;8;14;19;23;26;30;2;1
554;13/01/2022;5;9;17;19;20;26;30;6;0
555;15/01/2022;4;12;15;17;22;24;25;5;0
556;18/01/2022;3;6;9;17;19;25;28;8;0
557;20/01/2022;1;7;10;12;20;23;26;9;0
558;22/01/2022;3;5;11;17;21;26;27;1;0
559;25/01/2022;9;11;17;18;22;25;30;2;0
560;27/01/2022;12;14;17;19;27;29;30;11;0
561;29/01/2022;1;4;16;18;19;21;30;7;0
562;01/02/2022;2;7;9;14;19;26;29;6;2
563;03/02/2022;5;10;11;18;27;28;30;4;0
564;05/02/2022;2;4;11;20;22;24;31;12;0
565;08/02/2022;1;2;11;13;19;21;24;6;0
566;10/02/2022;2;7;13;15;18;19;25;2;1
567;12/02/2022;8;12;19;21;23;25;28;2;0
568;15/02/2022;1;7;12;14;20;29;31;10;0
569;17/02/2022;1;2;4;9;17;21;31;4;0
570;19/02/2022;9;18;20;21;23;24;29;7;0
571;22/02/2022;9;13;16;18;23;26;31;1;1
572;24/02/2022;3;7;10;12;14;27;30;12;1
573;26/02/2022;6;13;22;24;26;29;30;7;0
574;03/03/2022;11;14;22;23;24;26;29;4;0
575;05/03/2022;3;4;6;10;12;14;23;4;1
576;08/03/2022;2;3;6;8;16;25;26;4;0
577;10/03/2022;4;7;10;14;25;29;30;2;0
578;12/03/2022;11;13;17;20;21;23;25;6;0
579;15/03/2022;1;4;6;8;17;22;25;1;0
580;17/03/2022;9;13;18;19;21;22;25;5;0
581;19/03/2022;2;8;9;11;16;25;29;11;1
582;22/03/2022;9;10;17;20;21;22;26;5;0
583;24/03/2022;3;6;10;15;21;25;29;11;1
584;26/03/2022;3;10;22;24;26;30;31;1;0
585;29/03/2022;1;2;7;12;14;17;29;4;0
586;31/03/2022;1;9;11;22;25;28;31;2;0
587;02/04/2022;6;10;11;13;19;21;29;8;0
588;05/04/2022;4;8;9;14;16;19;24;8;0
589;07/04/2022;2;12;16;17;18;22;23;6;0
590;09/04/2022;1;5;8;18;19;27;28;8;1
591;12/04/2022;2;17;19;20;23;25;27;7;0
592;14/04/2022;4;9;10;12;19;22;26;7;0
593;16/04/2022;2;9;10;13;18;20;29;12;0
594;19/04/2022;6;15;16;17;18;27;31;7;0
595;23/04/2022;4;8;9;19;22;25;31;4;0
596;26/04/2022;2;5;9;14;25;26;28;3;0
597;28/04/2022;6;7;10;13;22;24;29;8;1
598;30/04/2022;7;9;13;15;20;24;25;6;0
599;03/05/2022;2;3;6;7;17;26;29;11;0
600;05/05/2022;2;4;9;11;18;24;28;2;0
601;07/05/2022;9;10;11;12;18;19;25;12;0
602;10/05/2022;1;6;8;11;15;19;30;11;0
603;12/05/2022;2;21;22;26;27;28;31;9;0
604;14/05/2022;6;7;12;18;20;24;28;7;1
605;17/05/2022;9;10;20;23;27;29;31;12;0
606;19/05/2022;3;7;13;14;16;17;31;1;0
607;21/05/2022;9;10;11;17;21;23;26;3;0
608;24/05/2022;7;8;12;22;26;27;31;6;0
609;26/05/2022;2;4;9;11;19;30;31;5;0
610;28/05/2022;2;4;8;16;18;21;29;8;0
611;31/05/2022;2;3;10;18;23;29;30;1;0
612;02/06/2022;4;6;10;16;21;25;29;12;0
613;04/06/2022;5;10;16;22;26;27;28;10;1
614;07/06/2022;1;3;7;9;16;24;26;10;0
615;09/06/2022;3;6;11;14;17;28;29;6;1
616;11/06/2022;6;12;15;26;27;28;31;10;0
617;14/06/2022;1;6;8;13;15;21;25;11;0
618;18/06/2022;3;5;13;15;17;18;24;6;1
619;21/06/2022;2;5;11;13;19;25;27;9;0
620;23/06/2022;1;4;15;18;22;23;30;2;0
621;25/06/2022;2;8;12;15;16;19;23;9;0
622;28/06/2022;4;9;11;22;25;28;29;12;1
623;30/06/2022;6;10;15;17;20;27;30;11;0
624;02/07/2022;8;20;21;22;27;29;31;2;0
625;05/07/2022;2;6;10;12;19;30;31;12;0
626;07/07/2022;1;4;7;9;11;19;27;2;0
627;09/07/2022;7;11;14;17;18;21;22;11;0
628;12/07/2022;5;8;10;16;20;24;31;3;2
629;14/07/2022;7;9;10;21;24;25;28;1;0
630;16/07/2022;3;8;11;15;19;20;30;2;0
631;19/07/2022;6;11;14;18;19;22;29;3;0
632;21/07/2022;6;10;11;12;14;18;24;1;0
633;23/07/2022;3;5;9;11;13;20;25;2;1
634;26/07/2022;3;4;8;16;21;30;31;4;0
635;28/07/2022;2;8;11;13;15;16;17;8;0
636;30/07/2022;2;4;7;14;21;27;28;1;1
637;02/08/2022;3;4;11;14;22;25;31;1;0
638;04/08/2022;2;3;14;15;19;21;26;12;1
639;06/08/2022;3;8;12;15;24;25;31;7;0
640;09/08/2022;3;5;9;13;19;29;30;6;0
641;11/08/2022;3;7;9;12;15;25;30;6;0
642;13/08/2022;8;10;11;13;14;24;29;7;0
643;16/08/2022;2;6;7;10;14;16;26;2;0
644;18/08/2022;7;8;17;19;20;22;26;1;1
645;20/08/2022;5;7;11;19;24;29;31;7;1
646;23/08/2022;1;4;5;13;15;22;24;9;0
647;25/08/2022;1;6;12;13;27;29;31;6;0
648;27/08/2022;3;6;9;23;25;28;30;8;4
649;30/08/2022;4;5;8;14;18;19;30;6;0
650;01/09/2022;1;4;6;11;14;20;25;3;0
651;03/09/2022;4;6;11;12;19;22;30;3;1
652;06/09/2022;8;9;14;19;24;26;30;5;0
653;08/09/2022;1;3;12;15;22;24;30;11;0
654;10/09/2022;6;7;8;11;12;14;27;11;0
655;13/09/2022;4;8;12;20;26;27;31;10;0
656;15/09/2022;2;8;9;13;19;25;27;10;0
657;17/09/2022;6;7;16;19;25;28;30;11;2
658;20/09/2022;9;16;17;23;26;28;31;9;0
659;22/09/2022;4;5;7;12;20;24;31;6;0
660;24/09/2022;7;8;9;11;17;23;28;12;0
661;27/09/2022;2;5;9;14;23;26;29;4;2
662;29/09/2022;1;5;13;15;23;26;28;5;1
663;01/10/2022;1;2;3;15;20;30;31;12;0
664;04/10/2022;3;4;10;16;24;25;27;2;0
665;06/10/2022;8;10;12;14;15;16;31;11;0
666;08/10/2022;5;6;8;24;27;28;29;7;1
667;11/10/2022;4;11;12;20;24;28;29;8;0
668;13/10/2022;1;5;7;11;17;24;31;10;0
669;15/10/2022;1;4;11;14;15;22;24;5;1
670;18/10/2022;10;12;15;17;19;28;30;2;0
671;20/10/2022;5;15;16;26;29;30;31;3;0
672;22/10/2022;2;3;7;8;18;29;30;10;1
673;25/10/2022;7;16;20;22;28;29;31;7;1
674;27/10/2022;6;12;13;19;28;30;31;2;0
675;29/10/2022;4;7;8;10;17;20;26;9;1
676;01/11/2022;6;8;15;23;26;27;31;1;0
677;03/11/2022;3;8;9;24;28;29;31;5;0
678;05/11/2022;4;5;13;20;21;26;30;7;1
679;08/11/2022;1;3;15;16;17;20;31;10;0
680;10/11/2022;4;5;14;16;20;24;28;3;1
681;12/11/2022;1;11;12;13;18;27;31;8;0
682;17/11/2022;15;16;19;20;26;29;30;9;0
683;19/11/2022;2;6;10;14;17;23;27;11;2
684;22/11/2022;2;3;12;14;15;22;23;10;0
685;24/11/2022;4;8;18;21;24;26;30;4;1
686;26/11/2022;4;13;16;18;19;24;25;8;0
687;29/11/2022;3;6;7;13;15;18;31;2;0
688;01/12/2022;2;6;22;25;29;30;31;12;1
689;03/12/2022;6;7;10;12;23;25;31;7;0
690;06/12/2022;2;9;12;15;27;29;31;8;2
691;08/12/2022;3;5;10;13;14;20;29;2;0
692;10/12/2022;8;9;11;12;23;25;28;10;0
693;13/12/2022;2;4;7;16;29;30;31;11;0
694;15/12/2022;6;7;12;23;26;28;31;5;0
695;17/12/2022;2;6;10;17;21;22;26;1;0
696;20/12/2022;1;5;9;19;20;24;29;4;0
697;22/12/2022;6;16;18;20;25;29;31;12;0
698;24/12/2022;4;11;14;17;18;19;31;10;0
699;27/12/2022;2;6;7;9;20;26;29;8;0
700;29/12/2022;6;8;10;11;18;20;22;7;2
701;31/12/2022;1;2;4;7;13;23;26;4;0
702;03/01/2023;4;7;14;18;20;25;26;2;0
703;05/01/2023;1;4;7;11;16;20;24;10;0
704;07/01/2023;2;4;12;13;16;21;29;9;0
705;10/01/2023;5;7;9;12;13;22;23;8;0
706;12/01/2023;17;19;20;24;27;28;31;4;0
707;14/01/2023;1;15;19;22;23;30;31;12;0
708;17/01/2023;3;15;17;18;20;29;31;12;2
709;19/01/2023;1;4;7;9;20;25;31;2;0
710;21/01/2023;1;4;17;18;22;24;31;11;1
711;24/01/2023;5;6;11;17;21;26;27;11;0
712;26/01/2023;2;3;10;11;15;20;27;10;0
713;28/01/2023;2;4;6;8;12;13;22;11;0
714;31/01/2023;13;15;19;23;26;27;28;1;0
715;02/02/2023;1;8;17;18;22;27;31;5;0
716;04/02/2023;2;4;6;9;17;19;30;7;0
717;07/02/2023;6;8;19;20;21;23;24;11;0
718;09/02/2023;11;13;15;18;20;21;22;9;1
719;11/02/2023;1;8;10;17;26;29;31;11;0
720;14/02/2023;3;8;10;17;22;23;31;7;0
721;16/02/2023;3;5;7;14;21;24;29;1;0
722;18/02/2023;9;13;16;22;23;27;31;6;1
723;23/02/2023;2;16;20;22;27;28;31;1;0
724;25/02/2023;8;10;13;17;23;25;27;11;0
725;28/02/2023;7;13;16;17;20;28;30;2;0
726;02/03/2023;7;14;20;21;23;27;30;11;2
727;04/03/2023;3;7;11;20;22;23;24;6;0
728;07/03/2023;2;12;17;21;26;27;28;10;1
729;09/03/2023;7;9;17;21;29;30;31;10;0
730;11/03/2023;2;5;6;12;14;16;28;7;1
731;14/03/2023;2;7;8;11;13;21;25;1;0
732;16/03/2023;3;7;10;17;23;26;30;1;0
733;18/03/2023;4;12;15;16;22;25;27;7;1
734;21/03/2023;7;9;11;19;21;24;30;4;0
735;23/03/2023;3;5;6;8;12;18;31;10;0
736;25/03/2023;5;10;11;12;18;23;29;2;1
737;28/03/2023;13;16;20;21;25;27;28;11;0
738;30/03/2023;3;6;10;19;21;27;30;9;1
739;01/04/2023;9;11;16;19;22;28;30;6;1
740;04/04/2023;6;12;13;17;18;28;31;10;0
741;06/04/2023;3;6;11;15;20;23;26;11;0
742;08/04/2023;3;5;11;13;17;22;29;7;1
743;11/04/2023;2;3;4;6;7;10;16;1;0
744;13/04/2023;3;5;20;22;23;25;31;7;0
745;15/04/2023;1;6;7;8;17;20;31;4;1
746;18/04/2023;10;12;14;17;19;20;30;2;1
747;20/04/2023;3;5;8;10;21;22;24;9;0
748;22/04/2023;5;11;16;18;19;23;25;7;0
749;25/04/2023;8;10;11;26;27;29;31;4;0
750;27/04/2023;4;10;12;15;16;17;30;9;0
751;29/04/2023;4;5;9;13;23;29;31;2;0
752;02/05/2023;4;5;11;14;16;17;21;3;2
753;04/05/2023;5;6;9;10;18;28;31;6;0
754;06/05/2023;13;19;23;24;26;27;30;2;0
755;09/05/2023;3;4;10;12;17;20;22;12;0
756;11/05/2023;4;8;12;17;19;26;31;3;1
757;13/05/2023;6;7;14;17;18;28;31;5;0
758;16/05/2023;2;3;7;20;22;26;31;7;0
759;18/05/2023;9;11;12;18;23;25;30;11;0
760;20/05/2023;1;8;9;16;17;28;31;12;0
761;23/05/2023;6;9;10;17;22;25;31;6;0
762;25/05/2023;4;11;13;17;22;30;31;3;0
763;27/05/2023;4;5;7;12;18;23;25;12;2
764;30/05/2023;7;9;17;19;23;24;30;6;0
765;01/06/2023;5;15;22;23;28;29;31;10;0
766;03/06/2023;10;11;16;17;18;21;31;9;1
767;06/06/2023;4;10;11;16;22;24;29;12;0
768;09/06/2023;2;13;17;18;24;27;29;4;0
769;10/06/2023;2;4;6;7;13;14;29;3;1
770;13/06/2023;8;12;15;27;28;29;30;10;0
771;15/06/2023;6;13;19;20;26;27;28;2;0
772;17/06/2023;2;7;9;10;17;26;27;6;0
773;20/06/2023;7;8;11;12;22;26;27;5;0
774;22/06/2023;4;6;16;18;19;27;30;5;0
775;24/06/2023;8;14;17;19;21;24;30;12;1
776;27/06/2023;11;13;16;17;18;20;31;6;0
777;29/06/2023;2;5;12;14;25;30;31;2;0
778;01/07/2023;2;6;9;10;11;16;30;12;0
779;04/07/2023;14;16;21;22;26;29;31;11;0
780;06/07/2023;3;8;11;15;19;27;29;11;1
781;08/07/2023;5;7;11;12;13;14;18;6;0
782;11/07/2023;4;5;8;9;11;21;25;9;1
783;13/07/2023;4;11;12;16;19;21;23;11;0
784;15/07/2023;2;4;11;12;14;17;20;2;0
785;18/07/2023;3;9;15;16;20;21;25;3;0
786;20/07/2023;1;6;8;13;14;17;21;10;0
787;22/07/2023;3;15;18;23;25;29;30;8;0
788;25/07/2023;3;6;11;21;23;27;28;5;0
789;27/07/2023;1;3;4;11;15;19;28;3;0
790;29/07/2023;1;2;7;13;18;21;24;7;0
791;01/08/2023;1;3;10;12;17;23;24;11;0
792;03/08/2023;5;6;11;13;17;19;23;2;1
793;05/08/2023;2;4;5;20;22;29;30;7;0
794;08/08/2023;7;12;14;15;21;25;29;8;1
795;10/08/2023;14;15;17;18;19;24;28;6;0
796;12/08/2023;1;5;9;17;20;21;31;2;0
797;15/08/2023;1;7;9;13;18;27;31;4;0
798;17/08/2023;1;6;18;21;24;25;30;5;0
799;19/08/2023;10;11;13;20;22;25;26;8;1
800;22/08/2023;6;8;10;11;15;21;28;4;0
801;24/08/2023;1;9;14;18;23;24;31;11;0
802;26/08/2023;1;7;9;10;14;25;30;3;0
803;29/08/2023;4;6;19;22;23;24;26;7;0
804;31/08/2023;1;9;13;25;26;27;29;8;0
805;02/09/2023;7;11;17;19;25;27;28;2;0
806;05/09/2023;2;10;11;13;16;19;27;6;0
807;08/09/2023;1;2;8;9;14;16;29;5;0
808;09/09/2023;5;6;7;8;9;12;18;1;0
809;12/09/2023;5;13;14;20;21;29;30;7;0
810;14/09/2023;2;5;7;15;21;27;29;4;0
811;16/09/2023;4;5;16;17;19;25;26;9;0
812;19/09/2023;12;16;17;18;19;25;27;9;0
813;21/09/2023;4;8;9;11;13;15;22;10;0
814;23/09/2023;2;3;4;6;8;25;29;9;0
815;26/09/2023;1;3;5;8;24;25;26;9;3
816;28/09/2023;8;11;14;16;18;21;23;7;0
817;30/09/2023;3;17;23;24;25;27;29;2;0
818;03/10/2023;1;4;5;7;21;22;27;5;1
819;05/10/2023;2;4;6;19;24;27;28;8;1
820;07/10/2023;6;7;8;15;16;17;31;9;2
821;10/10/2023;3;4;12;20;23;29;31;8;0
822;13/10/2023;2;3;17;18;22;23;28;4;0
823;14/10/2023;2;4;19;20;23;24;28;11;0
824;17/10/2023;8;10;11;21;25;28;29;8;1
825;19/10/2023;4;9;10;18;19;26;31;10;0
826;21/10/2023;5;8;15;16;17;24;29;2;0
827;24/10/2023;8;9;18;19;25;26;27;7;1
828;26/10/2023;1;2;8;11;12;17;21;5;0
829;28/10/2023;3;14;16;18;24;26;29;2;0
830;31/10/2023;7;8;11;15;21;25;29;10;0
831;03/11/2023;2;7;17;20;23;25;26;8;0
832;04/11/2023;5;11;13;15;19;20;22;5;0
833;07/11/2023;9;10;13;16;20;23;30;5;0
834;09/11/2023;1;3;10;13;15;18;27;6;0
835;11/11/2023;1;2;6;10;21;24;29;4;0
836;14/11/2023;9;11;13;15;18;20;24;1;0
837;16/11/2023;1;5;6;13;20;24;30;7;0
838;18/11/2023;4;18;19;21;24;27;31;11;0
839;21/11/2023;1;2;8;10;13;20;26;6;0
840;23/11/2023;2;5;6;13;18;24;25;3;1
841;25/11/2023;1;3;4;6;14;16;26;1;0
842;28/11/2023;4;10;17;18;21;27;31;1;0
843;30/11/2023;3;4;6;17;18;19;20;8;0
844;02/12/2023;6;13;16;19;20;21;31;11;0
845;05/12/2023;10;11;12;16;17;20;26;6;0
846;07/12/2023;7;18;20;21;25;26;29;10;0
847;09/12/2023;5;18;20;24;26;27;31;12;0
848;12/12/2023;3;7;14;19;21;22;29;8;0
849;14/12/2023;3;7;12;14;17;21;27;2;0
850;16/12/2023;9;18;20;25;26;30;31;8;0
851;19/12/2023;4;12;14;15;23;24;25;10;0
852;21/12/2023;2;7;9;10;13;15;22;6;0
853;23/12/2023;1;2;10;16;24;25;27;7;1
854;26/12/2023;7;14;16;17;18;23;24;1;1
855;28/12/2023;6;7;15;20;22;26;30;1;0
856;30/12/2023;1;5;8;22;24;28;29;6;0
857;02/01/2024;5;8;10;12;18;29;30;3;0
858;04/01/2024;1;14;23;25;26;27;28;4;0
859;06/01/2024;3;5;6;11;18;22;31;2;1
860;09/01/2024;5;6;14;15;27;28;30;5;0
861;11/01/2024;8;11;15;16;20;25;30;11;0
862;13/01/2024;3;5;8;12;20;23;27;1;1
863;16/01/2024;1;2;9;17;19;20;22;2;0
864;18/01/2024;2;8;9;12;22;23;28;11;0
865;20/01/2024;2;7;8;13;18;24;30;9;0
866;23/01/2024;5;8;10;14;21;24;31;6;0
867;25/01/2024;7;12;22;24;25;26;30;11;0
868;27/01/2024;2;5;9;11;12;20;23;11;0
869;30/01/2024;8;11;14;20;22;25;27;2;1
870;01/02/2024;1;4;10;17;24;25;29;12;0
871;03/02/2024;2;3;4;7;11;25;29;1;0
872;06/02/2024;6;8;17;18;24;26;30;8;0
873;08/02/2024;3;6;7;9;17;23;25;3;0
874;10/02/2024;9;11;16;18;23;27;28;12;0
875;15/02/2024;4;5;13;18;19;21;24;4;1
876;17/02/2024;4;6;12;19;24;25;29;4;0
877;20/02/2024;4;9;10;11;13;19;21;12;0
878;22/02/2024;1;5;9;10;22;24;25;3;0
879;24/02/2024;3;4;5;7;15;24;26;4;0
880;27/02/2024;1;2;5;6;9;23;29;5;0
881;29/02/2024;2;6;9;10;17;25;27;10;1
882;02/03/2024;7;8;11;14;27;30;31;11;1
883;05/03/2024;6;9;15;18;20;24;30;11;0
884;07/03/2024;5;10;14;18;24;26;29;5;0
885;09/03/2024;3;12;16;17;20;27;30;6;0
886;12/03/2024;1;6;8;11;15;18;22;7;0
887;14/03/2024;5;12;13;18;21;28;29;6;0
888;16/03/2024;8;14;17;18;21;22;27;7;1
889;19/03/2024;3;4;7;14;18;20;31;1;1
890;21/03/2024;7;9;15;19;25;27;30;4;0
891;23/03/2024;1;4;10;11;14;28;30;6;0
892;26/03/2024;6;7;14;15;20;21;27;6;0
893;28/03/2024;4;6;9;16;27;28;31;5;0
894;30/03/2024;7;9;11;16;18;19;21;5;0
895;02/04/2024;1;2;7;11;14;15;30;10;1
896;04/04/2024;2;7;10;11;24;25;28;10;0
897;06/04/2024;6;9;15;18;19;20;21;3;0
898;09/04/2024;2;4;7;8;11;21;22;10;0
899;11/04/2024;5;6;8;18;23;24;29;4;0
900;13/04/2024;6;9;10;13;14;16;22;9;0
901;16/04/2024;2;4;10;14;16;22;29;11;2
902;18/04/2024;3;11;13;14;18;21;27;2;0
903;20/04/2024;2;4;5;10;11;15;23;2;0
904;23/04/2024;2;4;5;11;16;25;27;12;0
905;25/04/2024;3;6;11;12;13;20;29;4;0
906;27/04/2024;2;10;12;13;22;29;31;4;0
907;30/04/2024;2;3;7;10;13;15;21;3;0
908;02/05/2024;10;13;14;17;18;20;31;9;0
909;04/05/2024;6;7;8;25;26;30;31;7;0
910;07/05/2024;1;7;15;17;26;27;28;2;2
911;09/05/2024;1;2;10;13;25;29;30;12;0
912;11/05/2024;4;10;11;14;15;20;31;12;1
913;14/05/2024;8;12;14;17;19;26;27;4;0
914;16/05/2024;1;3;9;14;22;23;29;11;1
915;18/05/2024;2;5;22;24;25;27;30;10;0
916;21/05/2024;2;4;6;14;17;25;28;6;3
917;23/05/2024;1;14;18;19;20;21;27;3;0
918;25/05/2024;2;10;12;13;15;25;29;6;0
919;28/05/2024;3;10;17;20;24;26;28;9;0
920;01/06/2024;11;13;20;21;23;24;27;5;0
921;04/06/2024;7;11;12;19;20;21;23;9;1
922;06/06/2024;7;8;13;17;26;27;28;9;0
923;08/06/2024;5;9;10;11;17;21;26;10;1
924;11/06/2024;3;10;11;12;19;28;31;11;0
925;13/06/2024;3;4;10;12;16;18;26;9;1
926;15/06/2024;7;8;18;19;23;24;27;11;1
927;18/06/2024;2;3;7;11;15;19;24;4;0
928;20/06/2024;1;13;15;23;24;28;29;10;0
929;22/06/2024;2;4;5;12;16;26;27;1;0
930;25/06/2024;1;5;10;18;22;24;29;11;0
931;27/06/2024;3;11;18;20;26;28;30;1;0
932;29/06/2024;1;6;13;20;23;25;27;5;1
933;02/07/2024;13;23;24;25;28;29;31;6;0
934;04/07/2024;1;4;16;18;23;28;30;5;0
935;06/07/2024;4;6;11;17;24;27;28;11;0
936;09/07/2024;18;20;23;24;25;26;31;12;0
937;11/07/2024;5;9;10;14;20;23;27;2;0
938;13/07/2024;4;8;19;20;21;24;29;6;0
939;16/07/2024;1;4;7;11;12;13;20;9;0
940;18/07/2024;1;5;6;10;15;19;23;8;0
941;20/07/2024;6;7;10;11;13;28;29;2;0
942;23/07/2024;3;4;8;9;15;20;23;10;0
943;25/07/2024;7;8;15;16;20;26;27;11;1
944;27/07/2024;4;9;10;28;29;30;31;1;1
945;30/07/2024;3;6;14;15;23;26;29;7;2
946;01/08/2024;4;5;9;14;25;27;28;2;0
947;03/08/2024;4;10;11;12;13;15;25;7;0
948;06/08/2024;5;10;20;22;23;30;31;6;0
949;08/08/2024;1;5;6;8;15;16;25;8;0
950;10/08/2024;5;8;11;19;25;30;31;5;0
951;13/08/2024;3;5;12;18;19;24;30;12;0
952;15/08/2024;1;8;10;16;20;22;27;7;0
953;17/08/2024;9;13;14;15;16;20;31;11;0
954;20/08/2024;3;9;10;14;19;24;29;5;0
955;22/08/2024;4;9;17;18;23;27;28;2;3
956;24/08/2024;6;10;13;15;16;21;29;12;0
957;27/08/2024;11;14;16;21;23;24;27;6;0
958;29/08/2024;7;9;11;13;15;16;26;2;0
959;31/08/2024;1;5;7;8;9;19;22;9;0
960;03/09/2024;1;5;13;19;20;22;30;5;1
961;05/09/2024;3;6;8;9;17;30;31;12;0
962;10/09/2024;5;13;16;17;26;28;29;12;0
963;12/09/2024;2;3;6;20;21;27;31;5;0
964;14/09/2024;2;7;11;17;19;28;31;6;0
965;17/09/2024;2;7;13;16;21;24;29;11;1
966;19/09/2024;4;8;9;14;17;18;25;4;0
967;21/09/2024;6;8;9;12;14;27;31;7;0
968;24/09/2024;4;9;14;18;23;26;28;3;0
969;26/09/2024;2;8;9;10;18;21;25;10;1
970;28/09/2024;7;10;12;15;19;20;25;1;0
971;01/10/2024;1;4;5;9;16;18;29;11;1
972;03/10/2024;4;6;17;19;27;30;31;3;0
973;05/10/2024;4;6;17;18;20;25;26;3;0
974;08/10/2024;2;3;7;8;9;11;20;7;0
975;10/10/2024;1;8;18;24;25;27;31;8;0
976;15/10/2024;1;9;11;14;16;22;25;3;0
977;17/10/2024;4;5;15;17;22;26;29;8;4
978;19/10/2024;1;2;4;12;17;27;28;3;0
979;22/10/2024;6;10;12;13;16;20;23;5;0
980;24/10/2024;8;13;20;21;25;26;31;10;0
981;26/10/2024;1;2;4;8;10;12;28;12;0
982;29/10/2024;4;5;13;16;23;25;28;4;1
983;31/10/2024;1;3;5;6;8;17;19;4;1
984;05/11/2024;11;14;15;20;22;25;26;5;0
985;07/11/2024;7;12;18;20;21;28;31;2;0
986;09/11/2024;1;3;5;14;20;24;26;11;0
987;12/11/2024;5;7;17;21;27;30;31;4;0
988;14/11/2024;6;13;14;23;25;28;30;10;1
989;16/11/2024;3;10;23;24;25;26;31;6;0
990;19/11/2024;2;6;11;14;16;23;26;8;0
991;21/11/2024;6;12;15;21;25;28;30;1;2
992;23/11/2024;2;7;10;24;27;28;29;6;0
993;26/11/2024;8;10;12;13;14;17;18;8;0
994;28/11/2024;1;6;7;13;19;26;29;12;1
995;30/11/2024;5;6;8;10;16;18;29;10;1
996;03/12/2024;1;5;6;7;12;17;25;4;0
997;05/12/2024;2;3;7;17;19;21;29;10;0
998;07/12/2024;2;6;10;11;21;26;30;6;0
999;10/12/2024;3;6;15;16;18;23;30;12;0
1000;12/12/2024;4;13;16;18;22;27;28;2;0
1001;14/12/2024;3;10;11;15;16;20;27;1;1
1002;17/12/2024;4;5;10;12;17;24;29;8;1
1003;19/12/2024;4;8;11;18;20;23;24;6;1
1004;21/12/2024;2;10;13;19;20;27;30;1;0
1005;24/12/2024;5;10;11;12;14;17;24;3;0
1006;26/12/2024;3;9;17;20;21;24;27;12;1
1007;28/12/2024;1;6;13;19;27;28;31;1;1
1008;31/12/2024;1;3;15;16;17;20;29;2;0
1009;02/01/2025;4;10;17;19;21;22;30;5;1
1010;04/01/2025;2;21;22;23;26;27;31;12;0
1011;07/01/2025;4;8;10;13;20;21;28;2;0
1012;09/01/2025;6;7;8;9;13;16;19;10;0
1013;11/01/2025;5;8;10;11;16;29;30;8;0
1014;14/01/2025;1;2;9;18;21;26;30;5;0
1015;16/01/2025;4;8;14;20;21;23;27;10;0
1016;18/01/2025;1;8;17;24;27;29;31;3;0
1017;21/01/2025;5;12;16;18;22;24;29;8;1
1018;23/01/2025;9;11;21;24;26;30;31;5;0
1019;25/01/2025;2;3;12;15;16;17;20;11;0
1020;28/01/2025;5;14;17;20;22;26;27;11;2
1021;30/01/2025;1;2;4;8;23;26;28;12;0
1022;01/02/2025;4;5;7;11;12;13;29;2;0
1023;04/02/2025;4;9;12;15;17;29;31;11;0
1024;06/02/2025;4;5;9;10;12;13;25;3;1
1025;08/02/2025;2;9;10;12;29;30;31;3;2
1026;11/02/2025;7;8;16;24;28;30;31;10;0
1027;13/02/2025;6;8;14;17;20;29;31;6;1
1028;15/02/2025;8;14;23;24;26;28;30;5;0
1029;18/02/2025;3;15;17;20;21;24;31;7;0
1030;20/02/2025;3;4;7;9;10;27;28;11;1
1031;22/02/2025;4;5;14;18;24;27;31;4;0
1032;25/02/2025;5;6;8;9;12;23;31;6;0
1033;27/02/2025;2;11;15;16;20;24;29;2;0
1034;01/03/2025;5;7;8;15;21;23;26;2;0
1035;06/03/2025;7;9;10;14;21;23;28;11;0
1036;08/03/2025;2;10;12;14;15;20;21;7;1
1037;11/03/2025;2;5;12;19;25;28;30;3;0
1038;13/03/2025;9;11;14;19;21;26;31;8;1
1039;15/03/2025;1;5;7;10;19;21;22;9;0
1040;18/03/2025;1;4;6;21;24;27;30;4;0
1041;20/03/2025;6;9;10;14;20;22;23;11;1
1042;22/03/2025;6;8;16;27;28;29;31;5;1
1043;25/03/2025;3;7;8;9;12;18;29;4;0
1044;27/03/2025;3;12;14;18;24;27;28;5;0
1045;29/03/2025;1;12;15;20;22;28;29;10;0
1046;01/04/2025;3;4;7;13;16;18;28;10;0
1047;03/04/2025;4;7;13;15;17;18;19;2;1
1048;05/04/2025;10;11;15;23;29;30;31;1;0
1049;08/04/2025;4;16;19;24;26;27;29;7;0
1050;10/04/2025;5;9;18;20;21;30;31;3;0
1051;12/04/2025;3;6;8;15;18;29;30;1;0
1052;15/04/2025;10;16;18;20;22;25;30;5;0
1053;17/04/2025;4;7;9;12;23;25;30;3;1
1054;19/04/2025;4;15;17;19;23;27;30;6;0
1055;22/04/2025;4;5;6;13;15;20;22;4;0
1056;24/04/2025;2;3;5;11;12;20;29;9;0
1057;26/04/2025;6;9;16;18;28;29;30;5;0
1058;29/04/2025;1;6;15;16;19;21;25;7;0
1059;03/05/2025;1;4;10;12;17;21;27;4;1
1060;06/05/2025;2;10;11;15;25;26;30;1;0
1061;08/05/2025;2;13;14;17;18;19;25;9;0
1062;10/05/2025;3;5;10;13;23;28;31;4;0
1063;13/05/2025;5;7;8;19;21;23;25;9;0
1064;15/05/2025;9;10;19;22;24;28;31;8;0
1065;17/05/2025;10;11;14;15;22;28;29;12;0
1066;20/05/2025;5;7;16;17;20;24;30;3;1
1067;22/05/2025;1;2;11;16;18;19;27;5;0
1068;24/05/2025;7;10;11;17;20;24;28;9;0
1069;27/05/2025;7;8;14;15;22;26;30;3;0
1070;29/05/2025;3;13;14;17;20;29;30;1;0
1071;31/05/2025;2;3;4;19;25;26;28;4;1
1072;03/06/2025;2;4;5;9;14;23;26;4;0
1073;05/06/2025;7;14;17;21;26;27;29;12;0
1074;07/06/2025;11;13;14;16;22;25;27;7;0
1075;10/06/2025;8;15;20;21;22;25;26;4;0
1076;12/06/2025;1;3;7;10;23;27;31;11;0
1077;14/06/2025;2;3;4;13;19;20;24;7;0
1078;17/06/2025;15;18;25;27;29;30;31;11;1
1079;21/06/2025;1;5;6;19;26;29;31;2;1
1080;24/06/2025;1;7;9;17;20;21;27;10;1
1081;26/06/2025;5;9;14;22;23;26;29;11;1
1082;28/06/2025;5;10;12;13;14;26;27;3;1
1083;01/07/2025;3;10;16;19;21;23;26;2;0
1084;03/07/2025;6;9;17;18;20;24;31;3;0
1085;05/07/2025;8;9;10;13;19;27;31;8;1
1086;08/07/2025;14;16;21;23;24;29;31;2;0
1087;10/07/2025;5;8;22;24;25;26;29;4;1
1088;12/07/2025;6;7;11;19;24;25;27;12;0
1089;15/07/2025;7;13;14;15;21;22;30;8;2
1090;17/07/2025;4;9;10;19;20;24;29;5;0
1091;19/07/2025;1;6;7;12;19;21;22;7;1
1092;22/07/2025;1;8;12;17;20;24;31;8;0
1093;24/07/2025;9;12;13;14;15;17;21;5;1
1094;26/07/2025;3;7;8;14;19;26;28;9;0
1095;29/07/2025;1;5;8;12;22;25;26;7;0
1096;31/07/2025;3;8;18;19;24;30;31;6;0
1097;02/08/2025;7;14;16;17;27;29;30;10;1
1098;05/08/2025;4;6;12;20;27;30;31;10;0
1099;07/08/2025;1;3;4;8;13;23;25;1;0
1100;09/08/2025;7;12;20;22;24;27;30;10;0
1101;12/08/2025;3;13;14;19;22;24;26;4;2
1102;14/08/2025;2;7;10;13;15;22;28;6;0
1103;16/08/2025;1;8;14;15;19;24;28;9;0
1104;19/08/2025;4;9;11;12;14;18;23;1;1
1105;21/08/2025;16;19;20;21;22;26;31;2;0
1106;23/08/2025;10;12;13;17;19;25;26;2;0
1107;26/08/2025;3;18;20;21;23;28;29;4;0
1108;28/08/2025;4;9;17;21;23;24;29;7;0
1109;30/08/2025;3;6;11;15;19;28;29;10;0
1110;02/09/2025;1;4;12;15;16;22;25;9;2
1111;04/09/2025;6;8;9;11;13;15;30;6;0
1112;06/09/2025;2;3;6;13;19;20;24;7;0
1113;09/09/2025;3;5;20;24;25;26;30;2;0
1114;11/09/2025;4;8;12;17;24;27;29;11;2
1115;13/09/2025;6;7;11;15;22;25;31;12;0
1116;16/09/2025;1;4;11;19;21;22;25;10;0
1117;18/09/2025;3;10;11;12;13;14;30;6;0
1118;20/09/2025;3;8;9;16;17;26;30;3;0
